,title,year,genre,country,avg_vote,budget,worlwide_gross_income
38237,Foodfight!,2011,"Animation, Action, Adventure",USA,1.5,65000000,120141
42183,In My Sleep,2010,"Drama, Mystery, Thriller",USA,5.5,1000000,30158
43614,La preda perfetta,2014,"Action, Crime, Drama",USA,6.5,28000000,58834384
43822,Jurassic World,2015,"Action, Adventure, Sci-Fi",USA,7.0,150000000,1670401444
44487,I tre marmittoni,2012,"Comedy, Family",USA,5.1,30000000,54819301
44619,Motherless Brooklyn - I segreti di una città,2019,"Crime, Drama, Mystery",USA,6.8,26000000,18477736
45080,Rapunzel: L'intreccio della torre,2010,"Animation, Adventure, Comedy",USA,7.7,260000000,592461732
45218,John Carter,2012,"Action, Adventure, Sci-Fi",USA,6.6,250000000,284139100
46318,A cena con un cretino,2010,Comedy,USA,5.9,69000000,86855739
46673,Toy Story 3 - La grande fuga,2010,"Animation, Adventure, Comedy",USA,8.3,200000000,1066969703
47159,Il gatto con gli stivali,2011,"Animation, Adventure, Comedy",USA,6.6,130000000,554987477
47409,42 - La vera storia di una leggenda americana,2013,"Biography, Drama, Sport",USA,7.5,40000000,97470701
47505,The Equalizer - Il vendicatore,2014,"Action, Crime, Thriller",USA,7.2,55000000,192330738
47642,Captain America - Il primo Vendicatore,2011,"Action, Adventure, Sci-Fi",USA,6.9,140000000,370569774
47651,Sin City - Una donna per cui uccidere,2014,"Action, Crime, Thriller",USA,6.5,65000000,39407616
48032,Margaret,2011,Drama,USA,6.4,14000000,564864
48221,Tower Heist - Colpo ad alto livello,2011,"Action, Comedy, Crime",USA,6.2,75000000,152930623
48272,Professione assassino,2011,"Action, Thriller",USA,6.6,40000000,76130093
48303,Prince of Persia - Le sabbie del tempo,2010,"Action, Adventure, Fantasy",USA,6.6,200000000,336365676
48471,Unstoppable - Fuori controllo,2010,"Action, Thriller",USA,6.8,100000000,167805466
48483,"Molto forte, incredibilmente vicino",2011,"Adventure, Drama, Mystery",USA,6.9,40000000,55247881
48545,The Tree of Life,2011,"Drama, Fantasy",USA,6.8,32000000,58409247
48577,Ant-Man,2015,"Action, Adventure, Comedy",USA,7.3,130000000,519311965
48641,L'ultimo dei Templari,2011,"Action, Adventure, Fantasy",USA,5.4,40000000,91627228
48652,Atlas Shrugged: Part I,2011,"Drama, Mystery, Sci-Fi",USA,5.6,20000000,4627375
48672,Libera uscita,2011,"Comedy, Romance",USA,5.8,36000000,86157237
48704,I Croods,2013,"Animation, Action, Adventure",USA,7.2,135000000,587204668
48882,Red Tails,2012,"Action, Drama, History",USA,5.9,58000000,50365498
49100,Something Borrowed - L'amore non ha regole,2011,"Comedy, Drama, Romance",USA,5.9,35000000,65100369
49176,"CHIPS, (dis)ordine pubblico",2017,"Action, Comedy, Crime",USA,6.0,25000000,26800152
49198,Ramona and Beezus,2010,"Comedy, Drama, Family",USA,6.5,15000000,27293743
49360,The Ring 3,2017,"Drama, Horror, Mystery",USA,4.5,25000000,83080890
49474,Amore & altri rimedi,2010,"Comedy, Drama, Romance",USA,6.7,30000000,102820008
49523,Syrup,2013,"Comedy, Drama, Romance",USA,5.7,2500000,663
49528,Una bugia di troppo,2012,"Comedy, Drama",USA,5.9,40000000,24397992
49591,(S)ex list,2011,"Comedy, Romance",USA,6.1,20000000,30426096
49692,Drive,2011,"Crime, Drama",USA,7.8,15000000,76976666
49701,Kid Cannabis,2014,"Biography, Comedy, Crime",USA,6.4,5000000,5565
49718,Wolfman,2010,"Drama, Fantasy, Horror",USA,5.8,150000000,139789765
49759,Era mio figlio,2019,"Drama, War",USA,6.7,20000000,3364426
49790,Boxtrolls - Le scatole magiche,2014,"Animation, Adventure, Comedy",USA,6.8,60000000,108255770
49812,L'incredibile Burt Wonderstone,2013,Comedy,USA,5.9,30000000,27437881
49813,Dallas Buyers Club,2013,"Biography, Drama",USA,8.0,5000000,55736588
49826,Jack Reacher - La prova decisiva,2012,"Action, Thriller",USA,7.0,60000000,218340595
49827,R.I.P.D. - Poliziotti dall'aldilà,2013,"Action, Adventure, Comedy",USA,5.6,130000000,78324220
49891,Scary Movie 5,2013,"Comedy, Horror",USA,3.5,20000000,78378744
49969,Thor,2011,"Action, Adventure, Fantasy",USA,7.0,150000000,449326618
49997,Devil's Knot - Fino a prova contraria,2013,"Biography, Crime, Drama",USA,6.1,15000000,2033154
50000,5 giorni fuori,2010,"Comedy, Drama, Romance",USA,7.1,8000000,6491240
50162,Jack e Jill,2011,Comedy,USA,3.3,79000000,149673788
50258,Lei è troppo per me,2010,"Comedy, Romance",USA,6.4,20000000,49779728
50296,Il primo amore non si scorda mai,2010,"Comedy, Drama, Romance",USA,7.7,14000000,4225921
50299,Appuntamento con l'amore,2010,"Comedy, Romance",USA,5.7,52000000,216485654
50302,The Power of Few,2013,"Action, Crime, Drama",USA,5.2,4000000,45659
50309,Dreamkiller,2010,Thriller,USA,2.8,2500000,15514
50375,Priest,2011,"Action, Horror, Thriller",USA,5.7,60000000,78309505
50602,Hotel Transylvania,2012,"Animation, Comedy, Family",USA,7.1,85000000,358375603
50638,The Town,2010,"Crime, Drama, Thriller",USA,7.5,37000000,154026136
50773,The Avengers,2012,"Action, Adventure, Sci-Fi",USA,8.0,220000000,1518814206
50776,Epic - Il mondo segreto,2013,"Animation, Adventure, Family",USA,6.7,100000000,268426634
50877,Super Troopers 2,2018,"Comedy, Crime, Mystery",USA,6.0,13500000,31626386
50920,Mr. Peabody e Sherman,2014,"Animation, Adventure, Comedy",USA,6.8,145000000,275698039
51015,My Soul to Take - Il cacciatore di anime,2010,"Horror, Mystery, Thriller",USA,4.8,25000000,21500813
51023,Red State,2011,"Action, Crime, Horror",USA,6.2,4000000,1874460
51072,Please Give,2010,"Comedy, Drama",USA,6.6,3000000,4313829
51081,Mangia prega ama,2010,"Biography, Drama, Romance",USA,5.8,60000000,204594016
51141,Un testimone in affitto,2015,Comedy,USA,6.6,23000000,79799880
51199,Due cuori e una provetta,2010,"Comedy, Drama, Romance",USA,6.1,19000000,49843011
51239,Letters to Juliet,2010,"Adventure, Comedy, Drama",USA,6.5,30000000,79628830
51246,Dragon Trainer,2010,"Animation, Action, Adventure",USA,8.1,165000000,494878759
51248,Shrek e vissero felici e contenti,2010,"Animation, Adventure, Comedy",USA,6.3,165000000,752600867
51353,Love & Mercy,2014,"Biography, Drama, Music",USA,7.4,10000000,28641776
51448,Unthinkable,2010,"Crime, Drama, Thriller",USA,7.1,15000000,1669947
51623,Rabbit Hole,2010,Drama,USA,7.0,5000000,5144717
51640,L'ultimo dominatore dell'aria,2010,"Action, Adventure, Family",USA,4.0,150000000,319713881
51692,Salt,2010,"Action, Mystery, Thriller",USA,6.4,110000000,293503354
51715,Il cigno nero,2010,"Drama, Thriller",USA,8.0,13000000,329398046
51719,The Amazing Spider-Man,2012,"Action, Adventure, Sci-Fi",USA,6.9,230000000,757930663
51785,Reach Me - La strada per il successo,2014,"Comedy, Crime, Drama",USA,4.9,5000000,26013
51841,L'apprendista stregone,2010,"Action, Adventure, Family",USA,6.1,150000000,215283742
51848,The Fighter,2010,"Biography, Drama, Sport",USA,7.8,25000000,129190869
51863,The Conspirator,2010,"Crime, Drama, History",USA,6.9,25000000,15625544
51904,Vi presento i nostri,2010,"Comedy, Romance",USA,5.5,100000000,310650585
52008,Lottery Ticket,2010,Comedy,USA,5.0,17000000,24719879
52054,Multiple Sarcasms,2010,Drama,USA,4.9,2500000,29731
52071,Machete,2010,"Action, Crime, Thriller",USA,6.6,10500000,45491656
52106,Dear John,2010,"Drama, Romance, War",USA,6.3,25000000,114984666
52118,The Green Hornet,2011,"Action, Comedy, Crime",USA,5.8,120000000,227817248
52145,The Wolf of Wall Street,2013,"Biography, Crime, Drama",USA,8.2,100000000,392000694
52165,The Courier,2012,"Action, Crime, Drama",USA,4.5,15500000,58387
52205,The Experiment,2010,"Drama, Thriller",USA,6.4,21800000,716580
52232,Straw Dogs,2011,"Action, Drama, Thriller",USA,5.8,25000000,11168712
52259,Megamind,2010,"Animation, Action, Comedy",USA,7.2,130000000,321885765
52278,The Young Messiah,2016,"Drama, Fantasy",USA,5.6,18500000,7330338
52304,Countdown,2019,"Horror, Thriller",USA,5.4,6500000,48021766
52419,Innocenti bugie,2010,"Action, Adventure, Comedy",USA,6.3,117000000,261989769
52423,Dylan Dog - Il film,2010,"Action, Comedy, Crime",USA,5.1,20000000,5782515
52454,The Sisterhood of Night,2014,"Drama, Mystery, Thriller",USA,6.2,1000000,6870
52484,The Runaways,2010,"Biography, Drama, Music",USA,6.5,10000000,4681651
52498,All'ultimo voto,2015,"Comedy, Drama",USA,6.1,28000000,8527658
52624,The People I've Slept With,2012,Comedy,USA,4.8,3000000,19137
52640,The Pardon,2013,Crime,USA,5.5,5000000,8845
52666,Wall Street - Il denaro non dorme mai,2010,Drama,USA,6.2,70000000,134748021
52681,Un anno da ricordare,2010,"Biography, Drama, Family",USA,7.2,35000000,60321861
52786,Paradiso amaro,2011,"Comedy, Drama",USA,7.3,20000000,177243185
52860,Codice Genesi,2010,"Action, Adventure, Drama",USA,6.9,80000000,157107755
52881,Legion,2010,"Action, Fantasy, Horror",USA,5.2,26000000,67918658
52885,Il cacciatore di ex,2010,"Action, Comedy, Romance",USA,5.6,40000000,136333522
53012,Il lato positivo - Silver Linings Playbook,2012,"Comedy, Drama, Romance",USA,7.7,21000000,236412453
53051,Parental Guidance,2012,"Comedy, Family",USA,6.0,25000000,119772232
53132,K-12,2019,"Fantasy, Horror, Musical",USA,6.3,5000000,359377
53185,Tre all'improvviso,2010,"Comedy, Drama, Romance",USA,6.5,38000000,105734416
53255,Transit,2012,"Action, Crime, Thriller",USA,5.8,5000000,663432
53332,Boyhood,2014,Drama,USA,7.9,4000000,48137666
53369,Come l'acqua per gli elefanti,2011,"Drama, Romance",USA,6.9,38000000,117094902
53373,Adult World,2013,"Comedy, Drama",USA,6.1,4000000,37887
53379,Footloose,2011,"Comedy, Drama, Music",USA,5.9,24000000,63543328
53400,Midnight Son,2011,Horror,USA,5.9,3250000,973
53519,Jonah Hex,2010,"Action, Drama, Fantasy",USA,4.7,47000000,10903312
53581,Happiness Runs,2010,Drama,USA,5.0,1200000,7199
53634,The Belko Experiment: Chi sopravviverà?,2016,"Horror, Thriller",USA,6.1,5000000,11084630
53699,Insieme per forza,2014,"Comedy, Romance",USA,6.5,40000000,127994610
53848,BuzzKill,2012,Comedy,USA,4.5,1000000,5860
53956,Bereavement,2010,"Crime, Horror, Thriller",USA,5.1,3600000,43712
53958,Foxcatcher: Una storia americana,2014,"Biography, Drama, Sport",USA,7.0,24000000,19206513
53986,Inside the Rain,2019,"Comedy, Drama, Romance",USA,4.5,1000000,8140
53987,Killers,2010,"Action, Comedy, Romance",USA,5.5,75000000,98159963
54002,Tron: Legacy,2010,"Action, Adventure, Sci-Fi",USA,6.8,170000000,400062763
54033,Good Ol' Boy,2015,"Comedy, Drama, Family",USA,6.8,2000000,35312
54066,Cash Game - Paga o muori,2010,"Crime, Thriller",USA,6.0,7000000,46488
54070,Dirty Girl,2010,"Comedy, Drama",USA,6.4,4000000,143485
54222,Blue Valentine,2010,"Drama, Romance",USA,7.4,1000000,15440333
54233,Art of Submission,2012,"Action, Drama",USA,4.0,4500000,9004
54254,Le idi di marzo,2011,"Drama, Thriller",USA,7.1,12500000,76338111
54255,Free State of Jones,2016,"Action, Biography, Drama",USA,6.9,50000000,25035950
54290,Burlesque,2010,"Drama, Music, Musical",USA,6.4,55000000,89519773
54292,Il buongiorno del mattino,2010,"Comedy, Drama, Romance",USA,6.5,40000000,60040976
54319,Radio Free Albemuth,2010,"Drama, Sci-Fi",USA,5.6,3600000,9365
54323,Circle,2010,"Horror, Thriller",USA,3.3,2000000,10024
54348,Shutter Island,2010,"Mystery, Thriller",USA,8.2,80000000,294804195
54350,La vittoria di Luke - The 5th quarter,2010,"Biography, Drama, Sport",USA,5.6,6000000,408159
54417,Lanterna Verde,2011,"Action, Adventure, Sci-Fi",USA,5.5,200000000,219851172
54440,Takers,2010,"Action, Crime, Thriller",USA,6.2,32000000,80205382
54549,Frankenweenie,2012,"Animation, Comedy, Family",USA,6.9,39000000,81491068
54561,Holy Rollers,2010,"Biography, Crime, Drama",USA,5.9,1000000,744266
54687,Beastly,2011,"Drama, Fantasy, Romance",USA,5.6,17000000,43202283
54904,L'amore in valigia,2013,"Comedy, Romance",USA,5.1,8500000,22871096
54914,Demolition: Amare e vivere,2015,"Action, Comedy, Drama",USA,7.0,10000000,4366460
54934,The Company Men,2010,Drama,USA,6.7,15000000,8087000
55031,A spasso nel bosco,2015,"Adventure, Biography, Comedy",USA,6.3,8000000,37461274
55037,Nightmare,2010,"Crime, Drama, Horror",USA,5.2,35000000,115694863
55041,Shelter - Identità paranormali,2010,"Horror, Mystery, Thriller",USA,6.1,22000000,3205167
55063,10 Cloverfield Lane,2016,"Action, Drama, Horror",USA,7.2,15000000,110216998
55078,Bunraku,2010,"Action, Drama, Fantasy",USA,6.2,25000000,129706
55133,La fontana dell'amore,2010,"Comedy, Romance",USA,5.6,55000000,43053376
55195,The Lincoln Lawyer,2011,"Crime, Drama, Thriller",USA,7.3,40000000,86752352
55244,Rango,2011,"Animation, Adventure, Comedy",USA,7.2,135000000,245724603
55255,Step Up 3D,2010,"Drama, Music, Romance",USA,6.2,30000000,159291809
55300,Una tragica scelta,2010,"Drama, Thriller",USA,6.6,10000000,80112
55378,I Muppet,2011,"Adventure, Comedy, Family",USA,7.1,45000000,165184237
55385,Last Vegas,2013,"Comedy, Drama",USA,6.6,28000000,134409025
55386,Ouija,2014,"Horror, Mystery, Thriller",USA,4.5,5000000,103687316
55443,Blood Done Sign My Name,2010,Drama,USA,6.6,10000000,109383
55451,L'arte di vincere,2011,"Biography, Drama, Sport",USA,7.6,50000000,110206216
55460,The Lone Ranger,2013,"Action, Adventure, Comedy",USA,6.4,215000000,260502115
55465,Doctor Strange,2016,"Action, Adventure, Fantasy",USA,7.5,165000000,677718395
55467,Escape Plan - Fuga dall'inferno,2013,"Action, Thriller",USA,6.7,50000000,137328301
55478,Hereafter,2010,"Drama, Fantasy, Romance",USA,6.4,50000000,106956330
55479,Civiltà perduta,2016,"Biography, Drama, History",USA,6.6,30000000,19263938
55480,"Piacere, sono un po' incinta",2010,"Comedy, Romance",USA,5.4,35000000,77477008
55482,Lawless,2012,"Crime, Drama",USA,7.3,26000000,55404207
55516,Solo per vendetta,2011,"Action, Crime, Drama",USA,6.2,17000000,14089528
55527,Cars 2,2011,"Animation, Adventure, Comedy",USA,6.1,200000000,559852396
55546,World Invasion,2011,"Action, Sci-Fi",USA,5.7,70000000,211819354
55561,Limitless,2011,"Sci-Fi, Thriller",USA,7.4,27000000,161849455
55589,Henry's Crime,2010,"Comedy, Crime, Drama",USA,6.0,12000000,2169799
55613,Il signore dello zoo,2011,"Comedy, Family, Fantasy",USA,5.2,80000000,169852759
55650,In viaggio con una rock star,2010,"Comedy, Music",USA,6.4,40000000,91720255
55664,La grande Gilly Hopkins,2015,"Comedy, Drama, Family",USA,6.5,5000000,97798
55667,Beautiful Boy,2018,"Biography, Drama",USA,7.3,25000000,16636604
55683,Iron Man 2,2010,"Action, Adventure, Sci-Fi",USA,7.0,200000000,623933331
55701,Anchorman 2 - Fotti la notizia,2013,Comedy,USA,6.3,50000000,173649931
55714,Diverso come me,2017,"Biography, Drama",USA,6.6,15000000,6423605
55723,Not Fade Away,2012,Drama,USA,6.0,20000000,636399
55743,Parto col folle,2010,"Comedy, Drama",USA,6.5,65000000,211780824
55745,Un tuffo nel passato,2010,"Comedy, Sci-Fi",USA,6.4,36000000,64780213
55752,Indovina perché ti odio,2012,Comedy,USA,5.5,70000000,57719093
55766,21 Jump Street,2012,"Action, Comedy, Crime",USA,7.2,42000000,201585328
55818,Red Dawn - Alba rossa,2012,"Action, Drama",USA,5.4,65000000,50950296
55819,RoboCop,2014,"Action, Crime, Sci-Fi",USA,6.1,100000000,242688965
55838,Broken City,2013,"Action, Crime, Drama",USA,6.2,35000000,34737199
55912,Sua Maestà,2011,"Adventure, Comedy, Fantasy",USA,5.5,49900000,28013733
55926,I Spit on Your Grave,2010,"Horror, Thriller",USA,6.3,2000000,1278650
55966,Sotto il cielo delle Hawaii,2015,"Comedy, Drama, Romance",USA,5.4,37000000,26250020
55974,Misure straordinarie,2010,Drama,USA,6.4,31000000,15134293
55985,Facciamola finita,2013,Comedy,USA,6.6,32000000,126041322
56053,Salvation Boulevard,2011,"Comedy, Crime, Drama",USA,5.3,5500000,89182
56076,300 - L'alba di un impero,2014,"Action, Drama",USA,6.2,110000000,337580051
56119,Quella casa nel bosco,2011,Horror,USA,7.0,30000000,69935600
56120,Nella tana dei lupi,2018,"Action, Crime, Drama",USA,7.0,30000000,80509622
56165,Sex and the City 2,2010,"Comedy, Drama, Romance",USA,4.5,100000000,290745055
56172,Scream 4,2011,"Horror, Mystery",USA,6.1,40000000,97231420
56175,Pickin' & Grinnin',2010,Comedy,USA,6.4,1500000,4000
56214,The Roommate - Il terrore ti dorme accanto,2011,"Drama, Mystery, Thriller",USA,4.8,16000000,40492652
56250,"Harold & Kumar, un Natale da ricordare",2011,"Adventure, Comedy",USA,6.3,19000000,36192775
56299,Cani sciolti,2013,"Action, Comedy, Thriller",USA,6.7,61000000,131940411
56311,Operazione spy sitter,2010,"Action, Comedy, Family",USA,5.4,28000000,66166000
56352,Madagascar 3 - Ricercati in Europa,2012,"Animation, Adventure, Comedy",USA,6.8,145000000,746921274
56376,Notte folle a Manhattan,2010,"Comedy, Crime, Romance",USA,6.3,55000000,152263880
56390,Wedding Palace,2013,"Comedy, Romance",USA,5.8,1000000,27183
56401,Fort McCoy,2011,"Drama, History, War",USA,5.9,3000000,78948
56406,Easy Girl,2010,"Comedy, Drama, Romance",USA,7.0,8000000,75026216
56420,Burning Palms,2010,"Comedy, Thriller",USA,5.3,5000000,3271
56433,Bad Teacher - Una cattiva maestra,2011,"Comedy, Romance",USA,5.6,20000000,216197492
56443,The Social Network,2010,"Biography, Drama",USA,7.7,40000000,224920315
56509,La casa,2013,"Fantasy, Horror, Thriller",USA,6.5,17000000,97542952
56529,N-Secure,2010,"Crime, Drama, Thriller",USA,3.4,1600000,2595644
56552,Tartarughe Ninja,2014,"Action, Adventure, Comedy",USA,5.8,125000000,485004754
56558,Monica Velour - Il grande sogno,2010,"Comedy, Drama, Romance",USA,5.8,5000000,33042
56561,Dietro i candelabri,2013,"Biography, Drama, Music",USA,7.0,23000000,13352609
56563,Warrior,2011,"Action, Drama, Sport",USA,8.2,25000000,23308615
56567,Single ma non troppo,2016,"Comedy, Drama, Romance",USA,6.1,38000000,112343513
56594,The Last Song,2010,"Drama, Music, Romance",USA,6.0,20000000,89137047
56628,Waiting for Forever,2010,"Comedy, Drama, Romance",USA,6.0,5000000,25517
56654,Attenti a quelle due,2019,"Comedy, Crime",USA,5.4,21000000,95055451
56656,Vicini del terzo tipo,2012,"Comedy, Sci-Fi",USA,5.7,68000000,68267862
56671,Iron Man 3,2013,"Action, Adventure, Sci-Fi",USA,7.2,200000000,1214811252
56678,Every Day,2010,"Comedy, Drama, Romance",USA,5.7,3000000,46029
56680,The Irishman,2019,"Biography, Crime, Drama",USA,7.9,159000000,968853
56681,Kung Fu Panda 2,2011,"Animation, Action, Adventure",USA,7.2,150000000,665692281
56713,Matrimonio in famiglia,2010,"Comedy, Romance",USA,5.0,14000000,21409028
56715,Milo su Marte,2011,"Animation, Action, Adventure",USA,5.4,150000000,39233678
56741,50 e 50,2011,"Comedy, Drama, Romance",USA,7.6,8000000,41097853
56750,Cercasi amore per la fine del mondo,2012,"Adventure, Comedy, Drama",USA,6.7,10000000,11681781
56755,The Big Bang,2010,"Action, Mystery, Thriller",USA,5.4,17000000,159991
56852,Devil,2010,"Horror, Mystery, Thriller",USA,6.2,10000000,62695489
56913,I fantastici viaggi di Gulliver,2010,"Adventure, Comedy, Family",USA,4.9,112000000,237382724
56925,Il funerale è servito,2010,Comedy,USA,5.7,21000000,49050886
56926,Oldboy,2013,"Action, Drama, Mystery",USA,5.7,30000000,5186767
56931,Gangster Squad,2013,"Action, Crime, Drama",USA,6.7,60000000,105200903
56933,The Dry Land,2010,Drama,USA,5.6,1000000,11777
56935,I segreti di Osage County,2013,"Comedy, Drama",USA,7.2,25000000,74188937
56940,Amore a mille... miglia,2010,"Comedy, Romance",USA,6.3,32000000,42059111
56964,Cate McCall - Il confine della verità,2013,"Crime, Drama",USA,6.3,7000000,249601
56975,The Twilight Saga: Breaking Dawn - Parte 1,2011,"Adventure, Drama, Fantasy",USA,4.9,110000000,712205856
56976,The Twilight Saga: Eclipse,2010,"Adventure, Drama, Fantasy",USA,5.0,68000000,698491347
56996,Ho cercato il tuo nome,2012,"Drama, Mystery, Romance",USA,6.5,25000000,99357138
57001,The Butler - Un maggiordomo alla Casa Bianca,2013,"Biography, Drama",USA,7.2,30000000,177313795
57016,Preacher's Kid,2010,"Drama, Music, Romance",USA,5.1,7000000,515065
57079,Comic Movie,2013,Comedy,USA,4.3,6000000,32443111
57093,Arturo,2011,"Comedy, Romance",USA,5.7,40000000,48147945
57107,Slaughter Creek,2011,"Drama, Horror",USA,3.1,1000000,136815
57109,Rock of Ages,2012,"Comedy, Drama, Musical",USA,5.9,75000000,59418613
57110,Cyrus,2010,"Comedy, Drama, Romance",USA,6.3,7000000,9933873
57179,Come lo sai,2010,"Comedy, Drama, Romance",USA,5.4,120000000,48668907
57303,Resta anche domani,2014,"Drama, Fantasy, Music",USA,6.7,11000000,78274843
57375,Beasts of No Nation,2015,"Drama, War",USA,7.7,6000000,90777
57384,Main Street,2010,Drama,USA,4.7,10000000,26011
57393,Lowriders,2016,"Adventure, Crime, Drama",USA,5.6,5000000,6312033
57394,Lo spaventapassere,2011,Comedy,USA,5.7,25000000,34942188
57419,The Ward - Il reparto,2010,"Horror, Mystery, Thriller",USA,5.6,10000000,5343820
57433,This Is Where I Leave You,2014,"Comedy, Drama",USA,6.6,19800000,41296320
57477,Un weekend da bamboccioni,2010,Comedy,USA,5.9,80000000,271457301
57571,I guardiani del destino,2011,"Romance, Sci-Fi, Thriller",USA,7.0,50200000,127869379
57572,Poliziotti fuori - Due sbirri a piede libero,2010,"Action, Comedy, Crime",USA,5.6,30000000,55611001
57581,I poliziotti di riserva,2010,"Action, Comedy, Crime",USA,6.6,100000000,170458922
57584,Suicide Squad,2016,"Action, Adventure, Fantasy",USA,6.0,175000000,746846894
57611,Uomini di parola,2012,"Comedy, Crime, Thriller",USA,6.5,15000000,5072654
57615,La mia vita è uno zoo,2011,"Comedy, Drama, Family",USA,7.1,50000000,120081841
57616,Quando l'amore si spezza,2016,"Crime, Drama, Horror",USA,5.1,10000000,30658387
57627,The Final,2010,"Drama, Horror, Thriller",USA,5.4,1000000,28491
57640,Why Did I Get Married Too?,2010,"Comedy, Drama, Romance",USA,4.7,20000000,60673972
57648,Hunger Games,2012,"Action, Adventure, Sci-Fi",USA,7.2,78000000,694394724
57650,Sansone,2010,"Comedy, Family",USA,4.3,50000000,83761844
57651,Prisoners,2013,"Crime, Drama, Mystery",USA,8.1,46000000,122126687
57676,I pinguini di Mr. Popper,2011,"Comedy, Family, Fantasy",USA,6.0,55000000,187361754
57691,Viaggio nell'isola misteriosa,2012,"Action, Adventure, Comedy",USA,5.8,79000000,335260290
57696,Straight Outta Compton,2015,"Biography, Drama, History",USA,7.8,28000000,201634991
57702,Transformers 3,2011,"Action, Adventure, Sci-Fi",USA,6.2,195000000,1123794079
57709,Un gelido inverno,2010,"Drama, Mystery",USA,7.2,2000000,13796834
57743,Hesher è stato qui!,2010,"Comedy, Crime, Drama",USA,7.0,7000000,449702
57750,Il Grinta,2010,"Drama, Western",USA,7.6,38000000,252276927
57751,Remember Me,2010,"Drama, Romance",USA,7.1,16000000,56032889
57754,The Romantics,2010,"Comedy, Drama, Romance",USA,5.1,4500000,191019
57790,Into Darkness - Star Trek,2013,"Action, Adventure, Sci-Fi",USA,7.7,190000000,467365246
57792,Poliziotto in prova,2014,"Action, Comedy, Crime",USA,6.2,25000000,154468902
57823,Bucky Larson: Born to Be a Star,2011,Comedy,USA,3.2,10000000,2530394
57825,Hop,2011,"Animation, Adventure, Comedy",USA,5.4,63000000,183953723
57840,Tavolo 19,2017,"Comedy, Drama, Romance",USA,5.8,5000000,5042014
57843,12 Soldiers,2018,"Action, Drama, History",USA,6.6,35000000,67450815
57852,Ancora tu!,2010,"Comedy, Romance",USA,5.8,20000000,32054369
57870,Immigration Tango,2010,Comedy,USA,3.5,1100000,24554
57879,Bulletproof Man,2011,"Biography, Crime, Drama",USA,7.1,12000000,1188194
57938,Stone,2010,"Drama, Thriller",USA,5.4,22000000,10300416
57948,Predators,2010,"Action, Adventure, Sci-Fi",USA,6.4,40000000,127233108
57971,Lovelace,2013,"Biography, Drama",USA,6.2,10000000,1585583
58026,Deadpool,2016,"Action, Adventure, Comedy",USA,8.0,58000000,782612155
58051,Faster,2010,"Action, Crime, Drama",USA,6.4,24000000,35626958
58064,Disconnect,2012,"Drama, Thriller",USA,7.5,10000000,3428048
58076,Mother's Day,2010,"Drama, Horror, Thriller",USA,6.3,11000000,863044
58096,Amore e matrimonio,2011,Comedy,USA,4.9,12000000,515823
58115,Fright Night - Il vampiro della porta accanto,2011,"Comedy, Horror",USA,6.3,30000000,41002607
58138,Battleship,2012,"Action, Adventure, Sci-Fi",USA,5.8,209000000,303025485
58198,Le lettere di Madre Teresa,2014,Drama,USA,6.1,20000000,1647416
58202,Game of Death,2011,"Action, Adventure, Thriller",USA,4.7,13000000,189805
58207,Le 5 leggende,2012,"Animation, Action, Adventure",USA,7.3,145000000,306941670
58233,Winnie the Pooh - Nuove avventure nel Bosco dei Cento Acri,2011,"Animation, Adventure, Comedy",USA,7.2,30000000,49871429
58234,Caught in the Crossfire,2010,"Action, Crime, Thriller",USA,4.4,1000000,11850
58265,Vanishing on 7th Street,2010,"Horror, Mystery, Thriller",USA,4.9,10000000,1671196
58270,Monsters University,2013,"Animation, Adventure, Comedy",USA,7.3,200000000,743559607
58275,The Help,2011,Drama,USA,8.0,25000000,216639112
58319,The Haunting in Connecticut 2: Ghosts of Georgia,2013,"Drama, Horror, Mystery",USA,5.3,9000000,5127434
58321,L'evocazione - The Conjuring,2013,"Horror, Mystery, Thriller",USA,7.5,20000000,319501756
58322,Kidnap,2017,"Action, Crime, Drama",USA,5.9,21000000,34814102
58356,Letters to God,2010,"Drama, Family",USA,6.3,3000000,3269546
58365,L'incredibile vita di Timothy Green,2012,"Comedy, Drama, Family",USA,6.6,25000000,56012642
58374,Big Mama: Tale padre tale figlio,2011,"Action, Comedy, Crime",USA,4.4,32000000,82686066
58375,Annie Parker,2013,Drama,USA,6.2,2000000,60048
58446,Redemption Road,2010,Drama,USA,5.7,2300000,29384
58449,MacGruber,2010,"Action, Comedy",USA,5.5,10000000,9322895
58514,Benvenuti a Cedar Rapids,2011,Comedy,USA,6.2,10000000,7728936
58519,Le amiche della sposa,2011,"Comedy, Romance",USA,6.8,32500000,288383523
58523,Attraverso i miei occhi,2019,"Comedy, Drama, Romance",USA,7.6,18000000,33766787
58538,Abattoir,2016,"Horror, Mystery, Thriller",USA,4.4,5000000,663460
58560,Oblivion,2013,"Action, Adventure, Sci-Fi",USA,7.0,120000000,286168572
58562,Innamorarsi a Middleton,2013,"Comedy, Romance",USA,6.5,2500000,82993
58590,"No God, No Master",2013,"Crime, Drama, History",USA,5.9,6000000,6796
58593,The Greatest Showman,2017,"Biography, Drama, Musical",USA,7.6,84000000,435086403
58618,Cambio vita,2011,"Comedy, Fantasy",USA,6.3,52000000,75450437
58634,La rivincita delle sfigate,2019,Comedy,USA,7.2,6000000,24863452
58643,I Saw the Light,2015,"Biography, Drama, Music",USA,5.7,13000000,1767963
58644,The Iceman,2012,"Biography, Crime, Drama",USA,6.8,10000000,4552970
58681,The Paperboy,2012,"Crime, Drama, Mystery",USA,5.8,12500000,3783865
58698,L'amore che resta,2011,"Drama, Romance",USA,6.8,8000000,2518012
58712,Come ammazzare il capo... e vivere felici,2011,"Comedy, Crime",USA,6.9,35000000,209838559
58732,Dead Awake,2010,"Fantasy, Mystery, Romance",USA,4.5,3500000,318275
58736,Drive Angry,2011,"Action, Fantasy, Thriller",USA,5.4,50000000,40909909
58744,Monogamy,2010,"Drama, Romance",USA,5.0,5000000,21527
58816,Janie Jones,2010,"Biography, Drama, Music",USA,6.6,3000000,6840
58860,Super - Attento crimine!!!,2010,"Action, Comedy, Drama",USA,6.7,2500000,422618
58932,A Star Is Born,2018,"Drama, Music, Romance",USA,7.7,36000000,436188866
58935,Spy Kids 4 - È tempo di eroi,2011,"Action, Adventure, Comedy",USA,3.5,27000000,85564310
58942,Meek's Cutoff,2010,"Drama, Western",USA,6.5,2000000,1205257
58947,Area 51,2015,"Horror, Mystery, Sci-Fi",USA,4.2,5000000,7556
58962,The Oogieloves in the Big Balloon Adventure,2012,"Adventure, Family, Fantasy",USA,2.1,20000000,1065907
59024,The Vatican Tapes,2015,"Horror, Thriller",USA,4.8,8000000,13015764
59025,Come ti rovino le vacanze,2015,"Adventure, Comedy",USA,6.1,31000000,107228221
59079,Daddy's Home,2015,"Comedy, Family",USA,6.2,50000000,242786137
59101,Trust,2010,"Crime, Drama, Thriller",USA,6.9,4000000,595802
59111,Everything Must Go,2010,Drama,USA,6.4,5000000,2820490
59121,Beginners,2010,"Comedy, Drama, Romance",USA,7.2,3200000,14311701
59124,Line of Duty,2013,"Action, Crime, Thriller",USA,5.1,2500000,54204
59128,Battle of the Year - La vittoria è in ballo,2013,"Drama, Music",USA,5.0,20000000,16549477
59160,Captain Phillips - Attacco in mare aperto,2013,"Adventure, Biography, Crime",USA,7.8,55000000,218791811
59182,The Son of No One,2011,"Action, Crime, Drama",USA,5.1,15000000,1091132
59188,Paranormal Activity 2,2010,Horror,USA,5.6,3000000,177512032
59229,Quello che so sull'amore,2012,"Comedy, Romance, Sport",USA,5.7,35000000,30962335
59273,Vamps,2012,"Comedy, Horror, Romance",USA,5.2,16000000,92748
59296,Judy Moody and the Not Bummer Summer,2011,"Comedy, Family",USA,4.3,20000000,15691640
59297,Senza freni,2012,"Action, Thriller",USA,6.5,35000000,31083599
59318,The Last Stand - L'ultima sfida,2013,"Action, Thriller",USA,6.3,45000000,48330757
59345,Per una vita migliore,2011,"Drama, Romance",USA,7.2,10000000,1863506
59355,Country Strong,2010,"Drama, Music",USA,6.3,15000000,20529194
59395,Beautiful Creatures - La sedicesima luna,2013,"Drama, Fantasy, Romance",USA,6.1,60000000,60052138
59399,Zombieland - Doppio colpo,2019,"Action, Adventure, Comedy",USA,6.7,42000000,122810399
59405,The Master,2012,Drama,USA,7.2,32000000,28258060
59413,L'altra faccia del diavolo,2012,Horror,USA,4.2,1000000,101758490
59414,The Trouble with Terkel,2010,"Animation, Comedy, Drama",USA,7.1,1000000,110289
59423,Higher Ground,2011,Drama,USA,6.2,2000000,1043262
59424,Amigo,2010,"Drama, War",USA,5.8,1500000,184705
59441,Mia moglie per finta,2011,"Comedy, Romance",USA,6.4,80000000,214945591
59444,Skyline,2010,"Action, Sci-Fi, Thriller",USA,4.4,10000000,66984887
59447,Not Today,2013,Drama,USA,5.7,1600000,318121
59482,Loosies,2011,"Comedy, Crime, Romance",USA,6.2,3900000,36145
59483,40 carati,2012,"Action, Adventure, Crime",USA,6.6,42000000,47636031
59517,"Crazy, Stupid, Love.",2011,"Comedy, Drama, Romance",USA,7.4,50000000,145051197
59542,Non aprite quella porta 3D,2013,"Horror, Thriller",USA,4.8,20000000,47340586
59608,Il dilemma,2011,"Comedy, Drama",USA,5.3,70000000,69721966
59612,Freerunner - Corri o muori,2011,Action,USA,3.6,5000000,224236
59649,The Good Doctor,2011,"Drama, Thriller",USA,5.5,6000000,51017
59672,G.I. Joe - La vendetta,2013,"Action, Adventure, Sci-Fi",USA,5.8,130000000,375740705
59691,Che cosa aspettarsi quando si aspetta,2012,"Comedy, Drama, Romance",USA,5.7,40000000,84384002
59694,Machine Gun Preacher,2011,"Action, Biography, Crime",USA,6.8,30000000,3338690
59706,Maleficent,2014,"Action, Adventure, Family",USA,7.0,180000000,758411648
59725,A casa con Jeff,2011,"Comedy, Drama",USA,6.5,10000000,4704757
59765,Act of Valor,2012,"Action, Adventure, Thriller",USA,6.5,12000000,82499399
59783,LOL - Pazza del mio migliore amico,2012,"Comedy, Drama, Romance",USA,4.4,11000000,10578643
59810,La grande partita,2014,"Biography, Drama, Sport",USA,7.0,19000000,5578519
59811,Soul Surfer,2011,"Biography, Drama, Family",USA,7.0,18000000,47120948
59812,Una spia non basta,2012,"Action, Comedy, Romance",USA,6.3,65000000,156491279
59814,La grande scommessa,2015,"Biography, Comedy, Drama",USA,7.8,28000000,133440870
59832,Capodanno a New York,2011,"Comedy, Romance",USA,5.7,56000000,142044638
59833,One for the Money,2012,"Action, Comedy, Crime",USA,5.3,40000000,38084162
59841,Abduction - Riprenditi la tua vita,2011,"Action, Mystery, Thriller",USA,5.1,35000000,82087155
59842,Chi è senza colpa,2014,"Crime, Drama, Thriller",USA,7.1,12600000,18658381
59873,The Grey,2011,"Action, Adventure, Drama",USA,6.8,25000000,79781695
59905,Prom - Ballo di fine anno,2011,"Comedy, Drama, Family",USA,5.4,8000000,10702246
59910,My Uncle Rafael,2012,Comedy,USA,5.9,1300000,243616
59913,American Pie: Ancora insieme,2012,Comedy,USA,6.7,50000000,234989584
59925,The Last Ride,2011,"Biography, Drama, Music",USA,5.8,9000000,27000
60024,La musica che non ti ho detto,2011,"Drama, Music",USA,7.5,4000000,342202
60034,Le belve,2012,"Crime, Drama, Thriller",USA,6.5,45000000,82966152
60037,Margin Call,2011,"Drama, Thriller",USA,7.1,3500000,19504039
60045,Alvin Superstar 3 - Si salvi chi può!,2011,"Animation, Adventure, Comedy",USA,4.3,75000000,342695435
60052,J. Edgar,2011,"Biography, Drama, Romance",USA,6.5,35000000,84920539
60070,I'm in Love with a Church Girl,2013,"Crime, Drama, Romance",USA,4.4,5000000,2503392
60091,A Wrinkle in Time,2018,"Adventure, Family, Fantasy",USA,4.2,100000000,132675864
60095,Bleed - Più forte del destino,2016,"Biography, Drama, Sport",USA,6.8,6000000,6698679
60098,Free Birds - Tacchini in fuga,2013,"Animation, Adventure, Comedy",USA,5.8,55000000,110387072
60099,Think Like a Man,2012,"Comedy, Romance",USA,6.6,12000000,96070507
60116,30 Minutes or Less,2011,"Action, Comedy, Crime",USA,6.1,28000000,40662632
60121,Il grande e potente Oz,2013,"Adventure, Family, Fantasy",USA,6.3,215000000,493311825
60123,ParaNorman,2012,"Animation, Adventure, Comedy",USA,7.0,60000000,107139399
60142,Young Adult,2011,"Comedy, Drama",USA,6.2,12000000,22939027
60160,Touchback,2011,"Drama, Family, Fantasy",USA,6.5,5000000,204232
60163,Independence Day - Rigenerazione,2016,"Action, Adventure, Sci-Fi",USA,5.2,165000000,389681935
60186,Chasing Mavericks - Sulla cresta dell'onda,2012,"Biography, Drama, Sport",USA,7.2,20000000,7942116
60191,Courageous - In lotta per capire,2011,"Drama, Fantasy",USA,7.0,2000000,35185884
60213,Amici di letto,2011,"Comedy, Romance",USA,6.5,35000000,149542245
60219,Shark Night - Il lago del terrore,2011,"Horror, Thriller",USA,4.0,25000000,41363927
60228,Violet & Daisy,2011,"Action, Comedy, Crime",USA,6.1,8000000,108139
60246,Project X - Una festa che spacca,2012,Comedy,USA,6.6,12000000,102731865
60256,In Time,2011,"Action, Sci-Fi, Thriller",USA,6.7,40000000,173930596
60258,Quell'idiota di nostro fratello,2011,"Comedy, Drama",USA,6.4,5000000,25804448
60261,Ted,2012,Comedy,USA,6.9,50000000,549368315
60296,Amore e altri guai,2011,"Comedy, Drama",USA,5.7,6600000,38158601
60298,Rampart,2011,"Crime, Drama",USA,5.8,12000000,1567905
60343,Il dittatore,2012,Comedy,USA,6.4,65000000,179379533
60368,Dragon Trainer 2,2014,"Animation, Action, Adventure",USA,7.8,145000000,621537519
60382,Million Dollar Arm,2014,"Biography, Drama, Sport",USA,7.0,25000000,38483455
60392,Colpi da maestro,2012,"Action, Comedy, Sport",USA,6.4,42000000,73100172
60395,La torre nera,2017,"Action, Adventure, Fantasy",USA,5.6,60000000,113231078
60414,"Peace, Love & Misunderstanding",2011,"Comedy, Drama, Music",USA,5.9,10000000,1105020
60418,Diario di una schiappa 2,2011,"Comedy, Family",USA,6.5,21000000,72526996
60424,Super 8,2011,"Action, Adventure, Sci-Fi",USA,7.0,50000000,260095986
60437,Inkubus,2011,Horror,USA,3.9,1500000,81600
60460,Dysfunctional Friends,2012,"Comedy, Drama",USA,5.0,5000000,13546
60497,Stolen,2012,"Action, Crime, Thriller",USA,5.5,35000000,17415418
60498,Safe,2012,"Action, Crime, Thriller",USA,6.5,30000000,41564670
60508,Non lasciarmi sola,2013,Drama,USA,6.5,3200000,1362018
60519,Noi siamo infinito,2012,"Drama, Romance",USA,8.0,13000000,33384127
60522,Universal Soldier - Il giorno del giudizio,2012,"Action, Horror, Mystery",USA,5.0,10000000,1402307
60535,Il grande match,2013,"Comedy, Drama, Sport",USA,6.4,40000000,44907260
60539,Cut Bank,2014,"Crime, Drama, Thriller",USA,6.1,5000000,288591
60541,Nothing Left to Fear,2013,Horror,USA,4.4,3000000,1675381
60549,Fun Size,2012,"Adventure, Comedy",USA,5.4,14000000,11417362
60552,The Chaperone - In gita per caso,2011,"Action, Comedy, Family",USA,5.0,3000000,279147
60554,Life of Crime: Scambio a sorpresa,2013,"Comedy, Crime",USA,5.8,12000000,1456675
60560,Crazy Eyes,2012,Comedy,USA,4.0,10000000,6141
60563,Martyrs,2015,"Drama, Horror, Thriller",USA,4.0,1000000,397072
60566,Pacific Rim,2013,"Action, Adventure, Sci-Fi",USA,6.9,190000000,411002906
60596,All Eyez on Me,2017,"Biography, Drama, Music",USA,5.8,40000000,55668698
60597,Mordimi,2010,Comedy,USA,3.4,20000000,80547866
60610,L'A.S.S.O. nella manica,2015,"Comedy, Romance",USA,6.5,8500000,43709744
60638,L'era glaciale 4 - Continenti alla deriva,2012,"Animation, Adventure, Comedy",USA,6.6,95000000,877244782
60706,The Twilight Saga: Breaking Dawn - Parte 2,2012,"Adventure, Drama, Fantasy",USA,5.5,120000000,829746820
60728,Entourage,2015,Comedy,USA,6.6,30000000,49263404
60737,Take Shelter,2011,"Drama, Horror, Thriller",USA,7.4,5000000,3741098
60765,My Last Day Without You,2011,"Comedy, Drama, Romance",USA,5.7,1000000,8335
60769,Trolls,2016,"Animation, Adventure, Comedy",USA,6.5,125000000,346864462
60811,Brando Unauthorized,2010,Drama,USA,3.5,1500000,3123
60817,Playback,2012,"Horror, Thriller",USA,4.2,1600000,57587
60845,Creature,2011,Horror,USA,3.6,3000000,533235
60887,Dark Horse,2011,"Comedy, Drama",USA,5.9,2000000,337150
60908,Prima di domani,2017,"Drama, Fantasy, Mystery",USA,6.4,5000000,16373843
60909,Planes,2013,"Animation, Adventure, Comedy",USA,5.7,50000000,239258712
60937,Parto con mamma,2012,"Comedy, Drama",USA,5.7,40000000,41863726
60958,The Virginity Hit,2010,Comedy,USA,4.6,2000000,636706
60971,Una fantastica e incredibile giornata da dimenticare,2014,"Comedy, Family",USA,6.2,28000000,100654149
60981,Seven Days in Utopia,2011,"Drama, Sport",USA,6.0,7500000,4373074
61000,Peeples,2013,"Comedy, Romance",USA,5.3,15000000,9307166
61029,Vicino a te non ho paura,2013,"Drama, Romance, Thriller",USA,6.7,28000000,97594140
61057,Bernie,2011,"Biography, Comedy, Crime",USA,6.8,5000000,10173061
61077,Chronicle,2012,"Drama, Sci-Fi, Thriller",USA,7.0,12000000,126636097
61088,Lovely Molly,2011,"Drama, Horror",USA,5.3,1000000,638274
61112,Joyful Noise - Armonie del cuore,2012,"Comedy, Drama, Music",USA,5.7,25000000,31158113
61127,Un compleanno da leoni,2013,Comedy,USA,5.8,13000000,48065672
61136,La festa prima delle feste,2016,Comedy,USA,5.8,45000000,114501299
61146,Codice 999,2016,"Action, Crime, Thriller",USA,6.3,20000000,23177948
61163,The Spectacular Now,2013,"Comedy, Drama, Romance",USA,7.1,2500000,6918591
61165,Nella terra del sangue e del miele,2011,"Drama, Romance, War",USA,4.5,13000000,1203699
61207,Una famiglia all'improvviso,2012,"Comedy, Drama",USA,7.1,16000000,12558931
61231,Snake & Mongoose,2013,Sport,USA,5.7,3000000,152200
61237,Another Happy Day,2011,"Comedy, Drama",USA,6.1,4000000,659937
61261,Friends with Kids,2011,"Comedy, Drama, Romance",USA,6.1,10000000,13041254
61324,Killer Joe,2011,"Crime, Drama, Thriller",USA,6.7,11000000,4633668
61341,C'era una volta un'estate,2013,"Comedy, Drama",USA,7.4,5000000,26474920
61351,Manuale scout per l'apocalisse zombie,2015,"Action, Comedy, Horror",USA,6.3,15000000,16137046
61407,Ender's Game,2013,"Action, Adventure, Fantasy",USA,6.6,110000000,125544024
61411,Barely Lethal - 16 anni e spia,2015,"Action, Comedy",USA,5.4,15000000,933847
61524,I truffatori,2013,"Action, Comedy, Crime",USA,5.9,5000000,10080
61536,Jersey Boys,2014,"Biography, Drama, Music",USA,6.8,40000000,67647013
61541,Sabotage,2014,"Action, Crime, Drama",USA,5.7,35000000,22126842
61544,Ma come fa a far tutto?,2011,"Comedy, Romance",USA,4.9,24000000,31410151
61585,Moonrise Kingdom - Una fuga d'amore,2012,"Comedy, Drama, Romance",USA,7.8,16000000,68263166
61591,Setup,2011,"Action, Crime, Drama",USA,4.4,20000000,2140476
61594,The Collection,2012,"Action, Adventure, Crime",USA,6.1,7500000,9929706
61673,The Ghastly Love of Johnny X,2012,"Comedy, Fantasy, Musical",USA,5.6,2000000,2436
61710,Twixt,2011,"Comedy, Fantasy, Horror",USA,4.8,7000000,647839
61724,Blue Like Jazz,2012,"Comedy, Drama",USA,5.9,1200000,595018
61726,Unconditional,2012,"Biography, Crime, Drama",USA,7.2,2000000,1034448
61731,The Do List - L'estate prima del college,2013,"Comedy, Romance",USA,5.8,1500000,3909596
61733,Questi sono i 40,2012,"Comedy, Romance",USA,6.2,35000000,88215156
61740,Persecuted,2014,"Action, Drama, Mystery",USA,3.5,1500000,1558836
61753,The First Time,2012,"Comedy, Drama, Romance",USA,6.8,2000000,92654
61760,Cogan - Killing Them Softly,2012,"Crime, Drama, Thriller",USA,6.2,15000000,37930465
61800,The Curse of Downers Grove,2015,"Drama, Horror, Mystery",USA,4.5,2000000,33462
61805,La canzone della vita - Danny Collins,2015,"Biography, Comedy, Drama",USA,7.0,10000000,10835752
61809,Ralph Spaccatutto,2012,"Animation, Adventure, Comedy",USA,7.7,165000000,471222889
61855,Mara,2018,"Crime, Horror, Thriller",USA,5.1,5000000,661769
61875,50 a 1,2014,Drama,USA,6.4,10000000,1064454
61880,Paranormal Activity 3,2011,"Horror, Mystery, Thriller",USA,5.8,5000000,207039844
61885,L'ultima ricchezza,2013,"Drama, Romance",USA,5.8,3100000,1327841
61900,Beneath the Darkness,2011,"Horror, Thriller",USA,4.5,7300000,23998
61965,The Vault - Nessuno è al sicuro,2017,"Crime, Horror, Mystery",USA,4.8,5000000,346729
61976,CBGB,2013,"Crime, Drama, Music",USA,6.6,5000000,40400
62005,Candidato a sorpresa,2012,Comedy,USA,6.1,95000000,104907746
62007,Vizio di forma,2014,"Comedy, Crime, Drama",USA,6.7,20000000,14710975
62012,Giovani si diventa,2014,"Comedy, Drama, Mystery",USA,6.3,10000000,21075757
62036,Sal,2011,"Biography, Drama",USA,4.8,7000000,6883
62053,Savannah,2013,"Drama, Family, History",USA,5.9,5000000,37240
62065,Ti lascio la mia canzone,2014,"Comedy, Drama, Music",USA,7.5,5000000,546149
62068,Babbo bastardo 2,2016,"Comedy, Crime, Drama",USA,5.6,26000000,24079268
62072,Lei,2013,"Drama, Romance, Sci-Fi",USA,8.0,23000000,48517427
62082,Quel momento imbarazzante,2014,"Comedy, Romance",USA,6.1,8000000,45640143
62083,Gold - La grande truffa,2016,"Crime, Drama",USA,6.7,20000000,14880939
62095,Step Up 4 Revolution 3D,2012,"Drama, Music, Romance",USA,6.4,33000000,140470746
62134,As I Lay Dying,2013,Drama,USA,5.4,5000000,71759
62171,Unbroken,2014,"Biography, Drama, Sport",USA,7.2,65000000,161459297
62201,Admission - Matricole dentro o fuori,2013,"Comedy, Drama, Romance",USA,5.7,13000000,18637201
62221,Freelancers,2012,"Action, Crime, Drama",USA,4.7,11000000,456350
62235,After Earth,2013,"Action, Adventure, Sci-Fi",USA,4.8,130000000,243611982
62252,Come un tuono,2012,"Crime, Drama, Thriller",USA,7.3,15000000,47052899
62253,A Resurrection,2013,"Horror, Thriller",USA,3.9,5000000,10730
62255,Girl in Progress,2012,"Comedy, Drama",USA,5.6,5000000,4709246
62292,Nebraska,2013,"Adventure, Comedy, Drama",USA,7.7,12000000,27682872
62326,Annie - La felicità è contagiosa,2014,"Comedy, Drama, Family",USA,5.3,65000000,136853506
62334,Black Panther,2018,"Action, Adventure, Sci-Fi",USA,7.3,200000000,1347280838
62342,3 Geezers!,2013,Comedy,USA,3.3,1000000,4175
62353,About Last Night,2014,"Comedy, Romance",USA,6.1,12500000,50445860
62474,The Baytown Outlaws - I fuorilegge,2012,"Action, Comedy, Crime",USA,6.4,4000000,37470
62486,Storia d'inverno,2014,"Drama, Fantasy, Mystery",USA,6.2,60000000,30800231
62506,Ruby Sparks,2012,"Comedy, Drama, Fantasy",USA,7.2,8000000,9368803
62511,The Face of Love,2013,"Drama, Mystery, Romance",USA,6.2,4000000,1806548
62514,Divergent,2014,"Action, Adventure, Mystery",USA,6.7,85000000,288885818
62517,The Words,2012,"Drama, Mystery, Romance",USA,7.0,6000000,15950164
62525,Demonic,2015,"Horror, Mystery, Thriller",USA,5.3,3000000,4476578
62550,Captain America: The Winter Soldier,2014,"Action, Adventure, Sci-Fi",USA,7.7,170000000,714421503
62576,Price Check,2012,"Comedy, Drama",USA,5.4,2000000,7413
62633,Le sorelle perfette,2015,Comedy,USA,6.0,30000000,105011053
62660,Django Unchained,2012,"Drama, Western",USA,8.4,100000000,425368238
62670,Percy Jackson e gli dei dell'Olimpo - Il mare dei mostri,2013,"Adventure, Family, Fantasy",USA,5.8,90000000,199850315
62677,End of Watch - Tolleranza zero,2012,"Action, Crime, Drama",USA,7.6,7000000,55078146
62685,Tim and Eric's Billion Dollar Movie,2012,Comedy,USA,5.4,3000000,223580
62734,Turbo,2013,"Animation, Adventure, Comedy",USA,6.4,135000000,282570682
62790,The Sessions - Gli incontri,2012,"Biography, Comedy, Drama",USA,7.2,1000000,10656155
62812,Filly Brown,2012,"Drama, Music",USA,5.7,2000000,2940411
62842,The Amazing Spider-Man 2 - Il potere di Electro,2014,"Action, Adventure, Sci-Fi",USA,6.6,200000000,708982323
62843,The Judge,2014,"Crime, Drama",USA,7.4,50000000,84419388
62845,Liberal Arts,2012,"Comedy, Drama, Romance",USA,6.7,2000000,1150681
62855,Musical Chairs,2011,"Drama, Romance",USA,4.8,2500000,31478
62864,Hello Herman,2012,Drama,USA,5.8,1500000,8437
62869,Sparkle - La luce del successo,2012,"Drama, Music",USA,5.7,14000000,24637800
62883,The Darkness,2016,"Horror, Thriller",USA,4.4,4000000,10898293
62907,Zeroville,2019,"Comedy, Drama, Mystery",USA,4.5,6000000,69396
62931,Best Man Down,2012,"Comedy, Drama",USA,6.4,1500000,1938
62938,Catch .44,2011,"Action, Crime, Drama",USA,4.6,7000000,291742
63010,Il caso Spotlight,2015,"Biography, Crime, Drama",USA,8.1,20000000,98690254
63048,Parker,2013,"Action, Crime, Thriller",USA,6.2,35000000,46922566
63072,Hardflip,2012,"Action, Drama",USA,5.6,1000000,96734
63093,The Call,2013,"Crime, Drama, Horror",USA,6.7,13000000,68572631
63094,I pinguini di Madagascar,2014,"Animation, Adventure, Comedy",USA,6.7,132000000,373515621
63095,Vehicle 19,2013,"Action, Thriller",USA,4.9,5000000,1473445
63106,Magic Mike,2012,"Comedy, Drama",USA,6.1,7000000,167739368
63133,The Wedding Party,2012,"Comedy, Romance",USA,5.3,3000000,12128575
63166,Phantom,2013,"Drama, History, Thriller",USA,5.9,18000000,1197759
63172,The Investigator,2013,"Drama, Family, Sport",USA,5.5,1100000,103739
63184,Bastardi in divisa,2014,"Action, Comedy, Crime",USA,6.4,17000000,138224951
63186,Fire with Fire,2012,"Action, Crime, Drama",USA,5.6,10400000,2500277
63190,Officer Down,2013,"Crime, Drama, Thriller",USA,5.5,12000000,255080
63220,Il paradiso per davvero,2014,"Biography, Drama, Family",USA,5.8,12000000,101888019
63240,Big Wedding,2013,"Comedy, Drama, Romance",USA,5.6,35000000,46522137
63241,Volano coltelli,2012,Drama,USA,5.1,7000000,5661
63253,Quel che sapeva Maisie,2012,Drama,USA,7.4,6000000,2711379
63275,Amore inaspettato,2017,"Drama, Romance",USA,5.8,2500000,98280
63280,Mud,2012,Drama,USA,7.4,10000000,32613173
63355,About Cherry,2012,Drama,USA,4.8,2500000,8315
63358,In Our Nature,2012,Drama,USA,5.7,1000000,6543
63391,Le Mans '66 - La grande sfida,2019,"Action, Biography, Drama",USA,8.1,97600000,225508210
63402,C'era una volta a New York,2013,"Drama, Romance",USA,6.6,16000000,5952884
63405,Una notte da leoni 3,2013,"Comedy, Crime, Romance",USA,5.8,103000000,362000072
63406,Hunger Games: La ragazza di fuoco,2013,"Action, Adventure, Mystery",USA,7.5,130000000,865011746
63415,Crooked Arrows,2012,"Drama, Sport",USA,5.9,13000000,1832541
63441,Sex Tape - Finiti in rete,2014,"Comedy, Romance",USA,5.1,40000000,126069509
63460,Noah,2014,"Action, Adventure, Drama",USA,5.7,125000000,359200044
63463,American Assassin,2017,"Action, Thriller",USA,6.2,33000000,67234188
63500,2 gran figli di...,2017,"Comedy, Drama",USA,5.5,25000000,25601244
63509,Un giorno come tanti,2013,"Drama, Romance, Thriller",USA,6.9,18000000,20275812
63511,The Comedian,2016,"Comedy, Drama, Romance",USA,5.7,15000000,1659002
63516,Teneramente folle,2014,"Comedy, Drama, Romance",USA,7.0,6700000,1824678
63539,The Best of Me - Il meglio di me,2014,"Drama, Romance",USA,6.7,26000000,38609668
63552,L'eccezione alla regola,2016,"Comedy, Drama, Romance",USA,5.7,25000000,3885342
63558,6 Bullets,2012,"Action, Crime, Drama",USA,6.1,10000000,99861
63599,Toy Story 4,2019,"Animation, Adventure, Comedy",USA,7.8,200000000,1073394593
63601,Il viaggio di Arlo,2015,"Animation, Adventure, Comedy",USA,6.7,200000000,332207671
63607,Pain & Gain - Muscoli e denaro,2013,"Action, Comedy, Crime",USA,6.4,26000000,87305549
63612,Tutto può cambiare,2013,"Comedy, Drama, Music",USA,7.4,8000000,63464861
63622,Thor: The Dark World,2013,"Action, Adventure, Fantasy",USA,6.9,170000000,644783140
63623,Geostorm,2017,"Action, Sci-Fi, Thriller",USA,5.3,120000000,221600160
63629,Voices,2012,"Comedy, Music, Romance",USA,7.2,17000000,115350426
63642,Atlas Shrugged II: The Strike,2012,"Drama, Mystery, Sci-Fi",USA,5.3,10000000,3336053
63652,Piovono polpette 2 - La rivincita degli avanzi,2013,"Animation, Adventure, Comedy",USA,6.4,78000000,274325949
63665,Alone Yet Not Alone,2013,"Action, Drama, History",USA,4.6,7000000,887851
63676,Sempre amici,2017,"Comedy, Drama",USA,6.9,37500000,125856180
63687,7 Below,2012,Horror,USA,3.1,6000000,85226
63704,Robot & Frank,2012,"Comedy, Crime, Drama",USA,7.1,2500000,4806423
63713,Chernobyl Diaries - La mutazione,2012,"Horror, Mystery, Thriller",USA,5.0,1000000,38390020
63729,Battlefield America,2012,"Drama, Musical",USA,2.7,15000000,252805
63763,Hell Fest,2018,"Horror, Thriller",USA,5.5,5500000,18159691
63782,Cattivi vicini,2014,Comedy,USA,6.3,18000000,270665134
63794,Il cacciatore di donne,2013,"Crime, Drama, Thriller",USA,6.4,27220000,5617460
63836,Ossessione omicida,2014,"Action, Crime, Drama",USA,5.6,13200000,54323210
63853,Repentance,2013,"Drama, Horror, Thriller",USA,4.9,5000000,1194961
63873,Guardiani della Galassia,2014,"Action, Adventure, Comedy",USA,8.0,170000000,772791156
63888,All Is Lost - Tutto è perduto,2013,"Action, Adventure, Drama",USA,6.9,9000000,13627519
63917,Io sono tu,2013,"Comedy, Crime, Drama",USA,5.7,35000000,173965010
63919,Incroci pericolosi,2013,"Comedy, Drama",USA,5.7,2000000,61669
63929,L'ultima tempesta,2016,"Action, Drama, History",USA,6.8,80000000,52099090
63947,USS Indianapolis,2016,"Action, Drama, History",USA,5.2,40000000,2158568
63955,Dimmi quando,2014,"Comedy, Drama, Romance",USA,6.4,5000000,2379154
63980,The Gambler,2014,"Crime, Drama, Thriller",USA,6.0,25000000,39280992
64053,No Tell Motel,2013,Horror,USA,3.5,3000000,466535
64075,Home Run,2013,"Drama, Sport",USA,5.9,1200000,2861020
64083,Effetti collaterali,2013,"Crime, Drama, Mystery",USA,7.1,30000000,63414135
64121,13 peccati,2014,"Horror, Thriller",USA,6.3,4000000,826913
64205,The Mule,2012,"Crime, Drama, Mystery",USA,4.2,5000000,19152
64248,Sleepless - Il giustiziere,2017,"Action, Crime, Thriller",USA,5.6,30000000,32917353
64315,Sleepwalk with Me,2012,Comedy,USA,6.8,1000000,2266067
64342,Hansel e Gretel e la strega della foresta nera,2013,"Comedy, Horror",USA,4.3,4500000,298688
64382,The Best Man Holiday,2013,"Comedy, Drama",USA,6.7,17000000,72835710
64384,Di nuovo in gioco,2012,"Drama, Sport",USA,6.8,30000000,48963137
64470,Mr. Right,2015,"Action, Comedy, Romance",USA,6.3,8000000,607595
64488,Hours,2013,"Drama, Thriller",USA,6.4,4000000,801983
64522,Scemo & + scemo 2,2014,Comedy,USA,5.6,40000000,169837010
64523,Inside Out,2015,"Animation, Adventure, Comedy",USA,8.1,175000000,858071350
64525,McFarland,2015,"Biography, Drama, Sport",USA,7.4,17000000,45710059
64526,Hit and Run,2012,"Action, Comedy",USA,6.1,2000000,16816647
64552,Dead Man Down - Il sapore della vendetta,2013,"Action, Crime, Drama",USA,6.5,30000000,18074539
64578,Tammy,2014,"Comedy, Romance",USA,4.9,20000000,100375432
64598,Into the Storm,2014,"Action, Adventure, Drama",USA,5.8,50000000,161502194
64641,Paranormal Activity 4,2012,"Horror, Mystery, Thriller",USA,4.6,5000000,142802657
64660,Vendetta e redenzione,2014,"Action, Crime, Drama",USA,4.5,8000000,38158
64690,Woody Woodpecker,2017,"Comedy, Family",USA,4.1,10000000,15316635
64712,Code Red,2013,"Action, Horror, Sci-Fi",USA,4.2,3000000,62431
64752,Underdogs,2013,"Drama, Family, Sport",USA,5.8,2500000,35271
64769,Re della terra selvaggia,2012,"Adventure, Drama, Fantasy",USA,7.3,1800000,21107746
64784,San Andreas,2015,"Action, Adventure, Drama",USA,6.1,110000000,473990832
64785,Ricomincio da me,2018,"Comedy, Drama, Romance",USA,5.8,16000000,72294066
64859,Jane Got a Gun,2015,"Action, Drama, Western",USA,5.9,25000000,3067531
64866,Self/less,2015,"Action, Mystery, Sci-Fi",USA,6.5,26000000,31807156
64872,The Accountant,2016,"Action, Crime, Drama",USA,7.3,44000000,155160045
64994,Fear Clinic,2014,Horror,USA,4.9,1000000,106974
65020,Bad Words,2013,"Comedy, Drama",USA,6.6,10000000,7804337
65024,Good Kids,2016,"Comedy, Drama",USA,6.1,3000000,23627
65025,Come ammazzare il capo 2,2014,"Comedy, Crime",USA,6.3,42000000,107645357
65028,St. Vincent,2014,"Comedy, Drama",USA,7.2,13000000,54837234
65038,Empire State,2013,"Crime, Drama, Thriller",USA,5.2,11000000,1212500
65052,Metallica Through the Never,2013,Music,USA,7.2,18000000,7975812
65104,American Sniper,2014,"Action, Biography, Drama",USA,7.3,58800000,547426372
65120,Into the Woods,2014,"Adventure, Comedy, Drama",USA,5.9,50000000,212902372
65166,Song One,2014,"Drama, Music",USA,5.8,6000000,408918
65167,Earth to Echo,2014,"Adventure, Family, Sci-Fi",USA,5.8,13000000,45681062
65264,Un weekend da bamboccioni 2,2013,Comedy,USA,5.4,80000000,246984278
65347,Run All Night - Una notte per sopravvivere,2015,"Action, Crime, Drama",USA,6.6,50000000,71561644
65369,Tutte contro lui,2014,"Comedy, Romance",USA,6.0,40000000,196710396
65378,Addicted - Desiderio irresistibile,2014,"Drama, Thriller",USA,5.2,5000000,17534314
65386,The Obama Effect,2012,"Comedy, Drama",USA,1.8,10000000,110904
65463,Madea protezione testimoni,2012,"Comedy, Crime, Drama",USA,4.9,20000000,66899242
65516,Draft Day,2014,"Drama, Sport",USA,6.8,25000000,29824199
65517,Sweetwater,2013,"Thriller, Western",USA,6.2,7000000,6147
65518,Home - A casa,2015,"Animation, Adventure, Comedy",USA,6.6,135000000,386041607
65547,Il domani tra di noi,2017,"Action, Adventure, Drama",USA,6.4,35000000,62832209
65563,Don Jon,2013,"Comedy, Drama, Romance",USA,6.5,3000000,39439355
65572,Velvet - Il prezzo dell'amore,2013,Drama,USA,5.8,2000000,6420
65576,Joker - Wild Card,2015,"Action, Crime, Drama",USA,5.6,30000000,6738764
65580,Rampage: Furia animale,2018,"Action, Adventure, Sci-Fi",USA,6.1,120000000,428028233
65604,Gli stagisti,2013,Comedy,USA,6.3,58000000,93492844
65628,Nightlight,2015,"Horror, Thriller",USA,4.4,2000000,77567
65647,La guerra dei sessi,2014,"Comedy, Romance",USA,5.8,24000000,70181428
65659,Money Monster - L'altra faccia del denaro,2016,"Crime, Drama, Thriller",USA,6.5,27000000,93282604
65681,Ghost Movie,2013,"Comedy, Fantasy, Horror",USA,5.0,2500000,60159584
65693,Big Hero 6,2014,"Animation, Action, Adventure",USA,7.8,165000000,657868146
65722,Il tempo di vincere,2014,"Drama, Sport",USA,6.7,15000000,30138754
65751,Spider-Man: Homecoming,2017,"Action, Adventure, Sci-Fi",USA,7.4,175000000,880166924
65837,Il libro della vita,2014,"Animation, Adventure, Comedy",USA,7.3,50000000,99783556
65875,L'amore bugiardo - Gone Girl,2014,"Drama, Mystery, Thriller",USA,8.1,61000000,369330363
65876,Magic Mike XXL,2015,"Comedy, Drama, Music",USA,5.6,14800000,117813057
65921,A Perfect Man,2013,"Drama, Romance",USA,5.2,5000000,14147
65946,Alla ricerca di Dory,2016,"Animation, Adventure, Comedy",USA,7.3,200000000,1028570889
65956,Natale all'improvviso,2015,"Comedy, Fantasy, Romance",USA,5.8,17000000,42426912
65975,Muppets 2 - Ricercati,2014,"Adventure, Comedy, Crime",USA,6.4,50000000,80383113
66025,Where the Devil Hides,2014,"Horror, Thriller",USA,4.9,7000000,1428494
66050,Americons,2015,"Action, Biography, Crime",USA,5.1,1250000,28782
66053,Minions,2015,"Animation, Adventure, Comedy",USA,6.4,74000000,1159443129
66055,22 Jump Street,2014,"Action, Comedy, Crime",USA,7.0,50000000,331333876
66062,Frozen - Il regno di ghiaccio,2013,"Animation, Adventure, Comedy",USA,7.4,150000000,1280803353
66076,Falcon Rising,2014,"Action, Adventure, Crime",USA,5.8,4500000,267476
66132,Attacco al potere - Olympus Has Fallen,2013,"Action, Thriller",USA,6.5,70000000,170270201
66140,23 Blast,2014,"Drama, Family, Sport",USA,6.5,1000000,549185
66149,Wild,2014,"Biography, Drama",USA,7.1,15000000,52501541
66204,Homefront,2013,"Action, Crime, Thriller",USA,6.5,22000000,48449416
66214,Comportamenti molto... cattivi,2014,"Comedy, Romance",USA,4.4,3000000,422697
66248,Un amore senza fine,2014,"Drama, Romance",USA,6.3,20000000,34718173
66254,Hell Baby,2013,"Comedy, Horror",USA,4.9,2500000,8785
66291,Cinquanta sfumature di grigio,2015,"Drama, Romance, Thriller",USA,4.1,40000000,569651467
66334,The Identical,2014,"Drama, Music",USA,5.2,16000000,2840991
66425,Fottute!,2017,"Action, Adventure, Comedy",USA,4.5,42000000,60845711
66426,Blue Jasmine,2013,Drama,USA,7.3,18000000,99104804
66427,Sotto assedio - White House Down,2013,"Action, Drama, Thriller",USA,6.4,150000000,205366737
66504,Parkland,2013,"Drama, History, Mystery",USA,6.4,10000000,1412181
66525,Mississippi Grind,2015,"Comedy, Drama",USA,6.4,6000000,422746
66568,A piedi nudi,2014,"Comedy, Drama, Romance",USA,6.6,6000000,15071
66588,Rio 2 - Missione Amazzonia,2014,"Animation, Adventure, Comedy",USA,6.3,103000000,498781117
66608,Affare fatto,2015,"Comedy, Drama",USA,5.4,35000000,14431253
66613,Last Ounce of Courage,2012,"Drama, War",USA,3.7,1200000,3329674
66638,La legge della notte,2016,"Action, Crime, Drama",USA,6.4,108000000,22678555
66639,Lo stagista inaspettato,2015,"Comedy, Drama",USA,7.1,35000000,194564672
66675,Runner Runner,2013,"Crime, Thriller",USA,5.6,30000000,62675095
66677,The Disappointments Room,2016,"Drama, Horror, Thriller",USA,3.9,15000000,5745040
66682,Che fine ha fatto Bernadette?,2019,"Comedy, Drama",USA,6.5,20000000,10821453
66688,Lost River,2014,"Drama, Fantasy, Mystery",USA,5.7,2000000,615500
66788,The Forger - Il falsario,2014,"Crime, Drama, Thriller",USA,5.8,15000000,500304
66790,Liberaci dal male,2014,"Horror, Mystery, Thriller",USA,6.2,30000000,87937815
66807,Il castello di vetro,2017,"Biography, Drama",USA,7.1,9000000,22088533
66811,Cavemen,2013,Comedy,USA,5.3,1200000,5948
66834,Coco,2017,"Animation, Adventure, Family",USA,8.4,175000000,807083670
66854,Joe,2013,"Crime, Drama",USA,6.9,4000000,2431443
66857,The Sacrament,2013,"Horror, Thriller",USA,6.1,4000000,9221
66898,High on the Hog,2019,"Action, Crime, Drama",USA,3.7,1200000,45696
66900,Gallows Hill,2013,"Horror, Mystery, Thriller",USA,5.2,2500000,1498262
66904,Dark Skies - Oscure presenze,2013,"Horror, Sci-Fi, Thriller",USA,6.3,3500000,27858103
66908,Le spie della porta accanto,2016,"Action, Comedy",USA,5.9,40000000,29918745
66913,The Girl on the Train,2014,"Action, Thriller",USA,4.3,28000000,3124
66924,Oculus - Il riflesso del male,2013,"Horror, Mystery",USA,6.5,5000000,44459951
66950,Non dico altro,2013,"Comedy, Drama, Romance",USA,7.0,8000000,25288872
67001,Avengers: Age of Ultron,2015,"Action, Adventure, Sci-Fi",USA,7.3,250000000,1402808753
67062,Tracers,2015,"Action, Crime, Drama",USA,5.6,11000000,3340503
67103,Angry Games - La ragazza con l'uccello di fuoco,2013,"Comedy, Sci-Fi",USA,3.2,4500000,3906308
67109,Catch Hell,2014,"Crime, Drama, Thriller",USA,5.5,2500000,37166
67139,Corpi da reato,2013,"Action, Comedy, Crime",USA,6.6,43000000,229930771
67145,Copperhead,2013,Drama,USA,5.5,12000000,171740
67160,A Bit of Bad Luck,2014,"Comedy, Drama, Thriller",USA,4.7,1000000,18089
67299,Benvenuti a ieri,2015,"Drama, Mystery, Sci-Fi",USA,6.4,12000000,33213241
67302,Il duello,2016,"Drama, Western",USA,5.8,10000000,20672
67342,Joy,2015,"Biography, Drama",USA,6.6,60000000,101134059
67361,Snoopy & Friends - Il film dei Peanuts,2015,"Animation, Comedy, Family",USA,7.1,99000000,246233113
67363,Non è romantico?,2019,"Comedy, Fantasy, Romance",USA,5.9,31000000,48791187
67411,Masterminds - I geni della truffa,2016,"Biography, Comedy, Crime",USA,5.8,25000000,29674699
67422,Hateship Loveship,2013,"Drama, Romance",USA,6.1,5000000,83008
67433,The Single Moms Club,2014,"Comedy, Drama",USA,5.3,8000000,16365451
67434,Mai così vicini,2014,"Comedy, Drama, Romance",USA,5.8,18000000,25419147
67454,Paranormal Activity: Dimensione fantasma,2015,"Horror, Mystery, Thriller",USA,4.6,10000000,78903124
67458,Il segnato,2014,"Horror, Mystery, Thriller",USA,5.0,5000000,90894962
67463,The Last Five Years,2014,"Comedy, Drama, Musical",USA,5.9,3500000,292092
67503,The Church,2018,"Horror, Thriller",USA,2.8,1000000,772000
67523,Star Wars - Il risveglio della Forza,2015,"Action, Adventure, Sci-Fi",USA,7.9,245000000,2068224036
67541,Stretch - Guida o muori,2014,"Comedy, Crime",USA,6.5,5000000,4833
67603,Hotel Transylvania 2,2015,"Animation, Comedy, Family",USA,6.7,80000000,474800000
67676,Star Wars - Gli ultimi Jedi,2017,"Action, Adventure, Fantasy",USA,7.0,317000000,1332540187
67677,Star Wars: L'ascesa di Skywalker,2019,"Action, Adventure, Fantasy",USA,6.6,275000000,1074144248
67681,God's Not Dead - Dio non è morto,2014,Drama,USA,4.7,2000000,64676349
67689,Keep Watching,2017,"Horror, Mystery, Thriller",USA,4.3,5000000,94178
67690,Giù le mani dalle nostre figlie,2018,Comedy,USA,6.2,21000000,94017294
67744,Bullet,2014,"Action, Crime, Thriller",USA,4.6,3000000,23730
67808,Un milione di modi per morire nel West,2014,"Comedy, Western",USA,6.1,40000000,87189756
67832,Duri si diventa,2015,"Comedy, Crime",USA,6.0,40000000,111711453
67834,Birdman o (L'imprevedibile virtù dell'ignoranza),2014,"Comedy, Drama",USA,7.7,18000000,103215094
67860,Insospettabili sospetti,2017,"Comedy, Crime",USA,6.6,25000000,84918541
67923,Life After Beth - L'amore ad ogni costo,2014,"Comedy, Fantasy, Horror",USA,5.6,2400000,274717
67930,Quel fantastico peggior anno della mia vita,2015,"Comedy, Drama",USA,7.7,8000000,9074749
67936,Hell or High Water,2016,"Action, Crime, Drama",USA,7.6,12000000,37879877
67938,Whiplash,2014,"Drama, Music",USA,8.5,3300000,48983260
67939,Colpa delle stelle,2014,"Drama, Romance",USA,7.7,12000000,307166834
67944,Freedom,2014,"Drama, Music",USA,6.4,14500000,842740
68042,A Madea Christmas,2013,"Comedy, Drama, Romance",USA,4.9,25000000,53396635
68052,Force of Execution,2013,"Action, Crime",USA,4.4,8000000,87122
68154,Ted 2,2015,Comedy,USA,6.3,68000000,215863606
68155,Un tuffo nel passato 2,2015,"Comedy, Mystery, Sci-Fi",USA,5.1,14000000,13081651
68164,Ben-Hur,2016,"Action, Adventure, Drama",USA,5.7,100000000,94061311
68287,Time Lapse,2014,"Horror, Sci-Fi, Thriller",USA,6.5,5000000,19572
68380,The Boss,2016,Comedy,USA,5.4,29000000,78844582
68382,Game Night - Indovina chi muore stasera?,2018,"Action, Comedy, Crime",USA,6.9,37000000,117679066
68435,Blackhat,2015,"Action, Crime, Thriller",USA,5.4,70000000,19652057
68470,La risposta è nelle stelle,2015,"Drama, Romance",USA,7.1,34000000,62944815
68538,Rosewater,2014,"Biography, Drama",USA,6.6,5000000,3171593
68540,La stirpe del male,2014,"Horror, Mystery, Thriller",USA,4.1,7000000,36921560
68554,Search Party,2014,"Adventure, Comedy",USA,5.6,20000000,118263
68596,La bella e la bestia,2017,"Family, Fantasy, Musical",USA,7.1,160000000,1264064380
68649,Top Five,2014,"Comedy, Romance",USA,6.4,12000000,26117471
68665,The Interview,2014,"Action, Adventure, Comedy",USA,6.5,44000000,11782625
68667,Il drago invisibile,2016,"Action, Adventure, Comedy",USA,6.7,65000000,143695338
68687,The Opposite Sex,2014,Comedy,USA,4.5,3300000,50206
68705,Atlas Shrugged: Part III,2014,"Drama, Mystery, Sci-Fi",USA,4.3,5000000,846704
68771,Mike & Dave - Un matrimonio da sballo,2016,"Comedy, Romance",USA,6.0,33000000,77068246
68793,Ghost Movie 2 - Questa volta è guerra,2014,"Comedy, Fantasy",USA,4.7,4000000,25358716
68821,Amnesiac,2014,"Drama, Horror, Mystery",USA,4.3,3000000,61192
68851,Pitch Perfect 2,2015,"Comedy, Music",USA,6.4,29000000,287144079
68879,Prendimi!,2018,"Action, Comedy",USA,6.5,28000000,78130625
68914,Un poliziotto ancora in prova,2016,"Action, Comedy, Crime",USA,5.9,40000000,124608438
68920,Necropolis - La città dei morti,2014,"Horror, Mystery, Thriller",USA,6.2,5000000,41898409
68921,Wish I Was Here,2014,"Comedy, Drama",USA,6.7,6000000,5670776
68932,Lo sciacallo - Nightcrawler,2014,"Crime, Drama, Thriller",USA,7.9,8500000,47398992
68938,Red Sparrow,2018,"Action, Drama, Thriller",USA,6.6,69000000,151572634
68964,Black or White,2014,Drama,USA,6.6,9000000,21833967
68966,Chef - La ricetta perfetta,2014,"Adventure, Comedy, Drama",USA,7.3,11000000,48428048
68986,99 Homes,2014,Drama,USA,7.1,8000000,1828232
69049,The Signal,2014,"Drama, Mystery, Sci-Fi",USA,6.1,4000000,2595622
69088,The Lazarus Effect,2015,"Horror, Mystery, Sci-Fi",USA,5.2,3300000,38356892
69093,God's Pocket,2014,"Crime, Drama",USA,6.1,1000000,413567
69144,Superfast & Superfurious - Solo party originali,2015,Comedy,USA,4.1,20000000,2075731
69145,Ruth & Alex - L'amore cerca casa,2014,"Comedy, Drama",USA,6.2,6000000,3679847
69168,Tutti vogliono qualcosa,2016,Comedy,USA,6.9,10000000,4644472
69217,Zootropolis,2016,"Animation, Adventure, Comedy",USA,8.0,150000000,1023789075
69238,Greater,2016,"Biography, Family, Sport",USA,7.3,9000000,2000620
69298,Fuga in tacchi a spillo,2015,"Action, Comedy, Crime",USA,5.1,35000000,51380201
69332,Alvin Superstar - Nessuno ci può fermare,2015,"Animation, Adventure, Comedy",USA,5.0,90000000,234798636
69334,Batman v Superman: Dawn of Justice,2016,"Action, Adventure, Sci-Fi",USA,6.4,250000000,873637528
69346,Tempo limite,2016,"Action, Crime, Drama",USA,5.5,16500000,243793
69348,L'incredibile storia di Winter il delfino 2,2014,"Drama, Family",USA,6.4,36000000,57824533
69363,Planes 2 - Missione antincendio,2014,"Animation, Adventure, Comedy",USA,6.0,50000000,146965787
69408,Camp X-Ray,2014,"Drama, War",USA,6.9,1000000,79624
69459,Daylight's End,2016,"Action, Fantasy, Horror",USA,5.4,2000000,11257
69463,Amy,2013,Horror,USA,2.0,2000000,647872
69492,Intruder,2016,"Horror, Mystery, Thriller",USA,3.3,1000000,128788
69493,Mamma che notte!,2014,Comedy,USA,5.4,5000000,10536956
69502,Stonewall,2015,"Drama, History",USA,5.2,13500000,292669
69675,Jackass - Nonno cattivo,2013,Comedy,USA,6.5,15000000,151826547
69722,Creed - Nato per combattere,2015,"Drama, Sport",USA,7.6,35000000,173567581
69744,Kickboxer - La vendetta del guerriero,2016,"Action, Crime, Drama",USA,4.9,10000000,287779
69846,Crazy & Rich,2018,"Comedy, Drama, Romance",USA,6.9,30000000,238538736
69872,Road Hard,2015,Comedy,USA,6.1,1500000,113169
69889,Don't Kill It - Il cacciatore di demoni,2016,"Action, Comedy, Fantasy",USA,5.2,3500000,8196
69949,Beyond the Lights: Trova la tua voce,2014,"Drama, Music, Romance",USA,6.9,7000000,14618727
70003,Into the Ashes,2019,"Crime, Drama, Mystery",USA,5.4,2000000,9687
70017,Unsullied,2014,"Action, Horror, Thriller",USA,4.3,1500000,510957
70133,Rock the Kasbah,2015,"Comedy, Music, War",USA,5.5,15000000,3394174
70169,Diario di una teenager,2015,"Comedy, Drama, Romance",USA,6.9,2000000,1775133
70195,Honeymoon,2014,"Horror, Mystery, Thriller",USA,5.7,1000000,24343
70202,"Men, Women & Children",2014,"Comedy, Drama",USA,6.7,16000000,1705908
70217,Il ragazzo della porta accanto,2015,"Horror, Thriller",USA,4.7,4000000,52425855
70306,L'ultima parola - La vera storia di Dalton Trumbo,2015,"Biography, Drama",USA,7.5,15000000,11430025
70340,Son of God,2014,"Biography, Drama, History",USA,5.7,22000000,70829270
70347,Io sono vendetta,2016,"Action, Crime, Drama",USA,5.4,18000000,228631
70372,Incarnate: Non potrai nasconderti,2016,"Horror, Thriller",USA,5.3,5000000,9037058
70426,Risorto,2016,"Action, Drama, History",USA,6.3,20000000,46432579
70442,It Follows,2014,"Horror, Mystery, Thriller",USA,6.8,1000000,21528593
70444,Submerged,2016,"Action, Thriller",USA,4.1,10000000,20813
70494,The Bounce Back,2016,"Comedy, Romance",USA,5.1,3000000,421404
70540,Brotherly Love,2015,Drama,USA,6.6,1900000,478595
70547,Sully,2016,"Biography, Drama",USA,7.4,60000000,240797623
70590,Bus 657,2015,"Action, Crime, Drama",USA,6.1,8900000,3777046
70605,The Atticus Institute,2015,Horror,USA,5.5,1000000,32521
70609,Piccole donne,2019,"Drama, Romance",USA,7.8,40000000,216601214
70687,Gibby,2016,"Comedy, Family",USA,4.9,1800000,9930
70744,Logan - The Wolverine,2017,"Action, Drama, Sci-Fi",USA,8.1,97000000,619021436
70775,Annabelle,2014,"Horror, Mystery, Thriller",USA,5.4,6500000,257047661
70928,Tolkien,2019,"Biography, Drama, Romance",USA,6.8,20000000,9090040
70956,Max,2015,"Adventure, Drama, Family",USA,6.7,20000000,43967255
70993,X-Men: Apocalisse,2016,"Action, Adventure, Sci-Fi",USA,6.9,178000000,543934105
71003,Jukai - La foresta dei suicidi,2016,"Horror, Mystery, Thriller",USA,4.8,10000000,39712000
71004,The Taking,2014,"Horror, Mystery, Thriller",USA,6.0,1500000,407782
71078,Botte da prof.,2017,Comedy,USA,5.6,22000000,41087017
71110,The Divergent Series: Allegiant,2016,"Action, Adventure, Mystery",USA,5.7,110000000,179246868
71134,L'era glaciale - In rotta di collisione,2016,"Animation, Adventure, Comedy",USA,5.7,105000000,408579038
71177,Havenhurst,2016,"Horror, Mystery, Thriller",USA,4.8,3000000,289299
71226,Cake,2014,Drama,USA,6.4,7000000,2433850
71263,Il superpoliziotto del supermercato 2,2015,"Action, Comedy, Crime",USA,4.4,30000000,107588225
71264,La foresta dei sogni,2015,"Drama, Fantasy, Mystery",USA,6.1,25000000,906995
71302,The Lucky Man,2017,"Action, Drama, Sci-Fi",USA,5.6,1000000,25015
71309,The Hateful Eight,2015,"Crime, Drama, Mystery",USA,7.8,44000000,155762510
71317,L'amore criminale,2017,"Drama, Thriller",USA,5.1,12000000,17768012
71346,Cattivissimo me 3,2017,"Animation, Adventure, Comedy",USA,6.3,80000000,1034799409
71412,Vice,2015,"Action, Adventure, Sci-Fi",USA,4.2,10000000,1568954
71448,The Walk,2015,"Adventure, Biography, Drama",USA,7.3,35000000,61181942
71476,Captain America: Civil War,2016,"Action, Adventure, Sci-Fi",USA,7.8,250000000,1153332120
71494,Security,2017,"Action, Crime, Thriller",USA,5.7,15000000,776522
71498,Thor: Ragnarok,2017,"Action, Adventure, Comedy",USA,7.9,180000000,853979142
71506,Oggi è sempre Natale,2016,"Comedy, Family",USA,4.2,2000000,11972
71545,Close Range,2015,"Action, Crime, Thriller",USA,5.0,3000000,248978
71553,Richard Jewell,2019,"Biography, Crime, Drama",USA,7.5,45000000,43745542
71576,I combattenti,2015,Action,USA,4.6,1000000,53752
71581,The Disaster Artist,2017,"Biography, Comedy, Drama",USA,7.4,10000000,29820616
71583,Oceania,2016,"Animation, Adventure, Comedy",USA,7.6,150000000,643347400
71636,Sballati per le feste!,2015,"Comedy, Fantasy",USA,6.4,25000000,52395996
71650,Nerve,2016,"Adventure, Crime, Drama",USA,6.5,19000000,85251425
71720,Whiskey Tango Foxtrot,2016,"Biography, Comedy, Drama",USA,6.6,35000000,24972139
71762,Arise from Darkness,2016,Thriller,USA,7.6,1200000,6112
71780,The Visit,2015,"Horror, Mystery, Thriller",USA,6.2,5000000,98450062
71918,Cars 3,2017,"Animation, Adventure, Comedy",USA,6.7,175000000,383930656
71919,Gli Incredibili 2,2018,"Animation, Action, Adventure",USA,7.6,200000000,1242805359
71978,Città di carta,2015,"Comedy, Drama, Mystery",USA,6.3,12000000,85512300
71981,Dove eravamo rimasti,2015,"Comedy, Drama, Music",USA,5.9,18000000,41325328
72003,La bottega del barbiere 3,2016,"Comedy, Drama",USA,5.9,20000000,55030051
72100,Conspiracy - La Cospirazione,2016,"Crime, Drama, Mystery",USA,5.3,11000000,2049761
72246,Criminal Activities,2015,"Crime, Drama, Thriller",USA,5.8,7000000,171494
72248,The Runner,2015,Drama,USA,4.7,6000000,93296
72318,Vincent N Roxxy,2016,"Crime, Drama, Thriller",USA,5.5,2600000,23896
72354,The Hollars,2016,"Comedy, Drama, Romance",USA,6.5,3800000,1138609
72358,Irrational Man,2015,"Comedy, Drama, Romance",USA,6.6,11000000,27391084
72368,Underworld: Blood Wars,2016,"Action, Adventure, Fantasy",USA,5.8,35000000,81093313
72384,My All-American,2015,"Biography, Drama, Sport",USA,7.2,20000000,2246000
72424,Life on the Line,2015,"Action, Thriller",USA,5.2,12000000,39027
72431,La scomparsa di Eleanor Rigby - Loro,2014,"Drama, Romance",USA,6.3,3000000,1448076
72453,I corrotti - The Trust,2016,"Crime, Drama, Thriller",USA,5.4,9000000,321650
72473,Il destino di un soldato,2017,"Drama, War",USA,5.7,12000000,57946
72511,Rogue One: A Star Wars Story,2016,"Action, Adventure, Sci-Fi",USA,7.8,200000000,1056057720
72569,The Equalizer 2: Senza perdono,2018,"Action, Crime, Thriller",USA,6.7,62000000,190400157
72571,"Hello, My Name Is Doris",2015,"Comedy, Drama, Romance",USA,6.6,1000000,14659448
72608,Dead Awake,2016,"Horror, Thriller",USA,4.6,24000000,21675
72613,Solo: A Star Wars Story,2018,"Action, Adventure, Sci-Fi",USA,6.9,275000000,392924807
72679,The Nice Guys,2016,"Action, Comedy, Crime",USA,7.4,50000000,62788218
72800,Fire Squad - Incubo di fuoco,2017,"Action, Biography, Drama",USA,7.6,38000000,26351322
72817,Le armi del cuore,2015,Drama,USA,6.5,3000000,73256266
72853,Yoga Hosers - Guerriere per sbaglio,2016,"Action, Comedy, Fantasy",USA,4.3,5000000,36585
72893,Dope: Follia e riscatto,2015,"Comedy, Crime, Drama",USA,7.2,7000000,17986781
72896,Krampus: Natale non è sempre Natale,2015,"Comedy, Drama, Fantasy",USA,6.1,15000000,61548707
72907,The Tiger Hunter,2016,Comedy,USA,5.9,1250000,62398
72932,The Bronze: Sono la numero 1,2015,"Comedy, Drama, Sport",USA,6.1,3500000,615816
72946,The Perfect Guy,2015,"Crime, Drama, Horror",USA,5.6,12000000,60273173
72954,Lazer Team,2015,"Action, Comedy, Sci-Fi",USA,5.6,2480421,1406538
72955,Il cardellino,2019,Drama,USA,6.3,45000000,9932621
72985,Baby boss,2017,"Animation, Adventure, Comedy",USA,6.3,125000000,527965936
73010,Stronger - Io sono più forte,2017,"Biography, Drama",USA,6.9,30000000,8503658
73072,Guardiani della Galassia Vol. 2,2017,"Action, Adventure, Comedy",USA,7.6,200000000,863756051
73098,Vigilante Diaries,2016,"Action, Crime, Thriller",USA,5.5,1000000,176777
73170,Brian Banks,2018,"Biography, Drama, Sport",USA,7.2,10000000,4376819
73185,Lo spazio che ci unisce,2017,"Drama, Romance, Sci-Fi",USA,6.4,30000000,16080475
73251,American Dresser,2018,Adventure,USA,5.2,18000000,3895
73439,Nell'ombra di un delitto,2016,"Crime, Drama, Mystery",USA,4.3,6000000,269915
73485,Manchester by the Sea,2016,Drama,USA,7.8,9000000,78988148
73522,Maze Runner - La fuga,2015,"Action, Adventure, Sci-Fi",USA,6.3,61000000,312296056
73541,Paradise Beach: Dentro l'incubo,2016,"Drama, Horror, Thriller",USA,6.3,17000000,119100758
73547,Do You Believe?,2015,Drama,USA,6.1,2300000,14410698
73572,Go with Me - Sul sentiero della vendetta,2015,"Drama, Thriller",USA,5.3,8000000,426491
73582,Green Room,2015,"Horror, Music, Thriller",USA,7.0,5000000,3769214
73597,Miles,2016,"Comedy, Drama, Family",USA,5.7,2000000,2537
73615,Darkest Minds,2018,"Action, Adventure, Drama",USA,5.7,34000000,41142379
73717,Per sempre la mia ragazza,2018,"Drama, Music, Romance",USA,6.7,3500000,16376066
73792,After,2019,"Drama, Romance",USA,5.4,14000000,69733482
73829,Keanu,2016,"Action, Comedy, Crime",USA,6.2,15000000,20651333
73864,Avengers: Infinity War,2018,"Action, Adventure, Sci-Fi",USA,8.4,321000000,2048359754
73865,Avengers: Endgame,2019,"Action, Adventure, Drama",USA,8.4,356000000,2797800564
73879,3 Generations: Una famiglia quasi perfetta,2015,Drama,USA,5.9,5000000,680351
73968,Valley of Bones,2017,"Crime, Thriller, Western",USA,4.2,3000000,168738
73981,Woodlawn,2015,"Drama, Sport",USA,6.5,12000000,14401617
74029,Mr. Church,2016,"Comedy, Drama",USA,7.6,8000000,685780
74144,Beta Test,2016,"Action, Sci-Fi, Thriller",USA,5.7,1600000,10104
74173,Kicks,2016,"Adventure, Drama",USA,6.4,2000000,150191
74182,Miracoli dal cielo,2016,"Biography, Drama, Family",USA,7.1,13000000,73983003
74188,2307: Winter's Dream,2016,Sci-Fi,USA,3.8,1200000,5078
74410,The Bad Batch,2016,"Drama, Horror, Romance",USA,5.3,6000000,201890
74419,90 minuti in Paradiso,2015,Drama,USA,4.8,5000000,4842699
74426,Echo Effect,2015,"Action, Thriller",USA,3.5,5000000,49286
74428,Queen of Katwe,2016,"Biography, Drama, Sport",USA,7.4,15000000,10367161
74461,Ouija: L'origine del male,2016,"Drama, Horror, Mystery",USA,6.1,9000000,81705746
74468,In viaggio verso un sogno - The Peanut Butter Falcon,2019,"Comedy, Drama",USA,7.6,6200000,23620709
74489,Because of Grácia,2017,"Comedy, Drama, Romance",USA,6.3,1200000,90878
74531,Le donne della mia vita,2016,"Comedy, Drama",USA,7.3,7000000,7214806
74563,The Ballad of Lefty Brown,2017,"Action, Drama, Western",USA,6.3,8000000,7856
74581,In Dubious Battle - Il coraggio degli ultimi,2016,"Crime, Drama, History",USA,6.1,15000000,213982
74586,Un amore di collega,2015,"Comedy, Music, Romance",USA,5.4,18000000,7162
74722,Supercon,2018,"Action, Comedy",USA,3.6,5500000,3982
74751,Shaft,2019,"Action, Comedy, Crime",USA,6.4,35000000,21360215
74783,Arlo: The Burping Pig,2016,Family,USA,4.2,1000000,4539
74808,Cinquanta sfumature di rosso,2018,"Drama, Romance, Thriller",USA,4.5,55000000,371985018
74815,Gifted - Il dono del talento,2017,Drama,USA,7.6,7000000,43069254
74816,Casa Casinò,2017,"Comedy, Crime",USA,5.6,40000000,34184504
74864,Maze Runner - La rivelazione,2018,"Action, Adventure, Sci-Fi",USA,6.2,62000000,288175335
74868,The Meddler,2015,"Comedy, Drama, Romance",USA,6.3,3200000,5425148
74904,Café Society,2016,"Comedy, Drama, Romance",USA,6.6,30000000,43763247
74931,Morgan,2016,"Action, Horror, Sci-Fi",USA,5.8,8000000,8809407
74934,Frozen II - Il segreto di Arendelle,2019,"Animation, Adventure, Comedy",USA,6.9,150000000,1450026933
74982,Cocaine - La vera storia di White Boy Rick,2018,"Crime, Drama",USA,6.4,29000000,25957482
75021,Animali notturni,2016,"Drama, Thriller",USA,7.5,22500000,30311857
75049,Crown Vic,2019,"Action, Crime, Drama",USA,6.4,3600000,3868
75095,Il libro di Henry,2017,"Crime, Drama, Thriller",USA,6.6,10000000,4596705
75135,Gli eroi del Natale,2017,"Animation, Adventure, Comedy",USA,6.2,20000000,84315669
75158,Copia originale,2018,"Biography, Comedy, Crime",USA,7.1,10000000,12442161
75221,Cicogne in missione,2016,"Animation, Adventure, Comedy",USA,6.8,70000000,183388953
75249,Spider-Man: Un nuovo universo,2018,"Animation, Action, Adventure",USA,8.4,90000000,375540831
75312,Bad Moms: Mamme molto cattive,2016,Comedy,USA,6.2,20000000,183936074
75345,Brave New Jersey,2016,Comedy,USA,5.3,5000000,16544
75355,All Saints,2017,Drama,USA,6.1,2000000,5942565
75366,Cinquanta sbavature di nero,2016,Comedy,USA,3.5,5000000,22227514
75398,Woodshock,2017,"Drama, Thriller",USA,4.3,5000000,43682
75423,Collateral Beauty,2016,"Drama, Romance",USA,6.8,36000000,88528280
75444,Range 15,2016,"Action, Comedy, Horror",USA,5.0,1000000,621738
75475,It Comes at Night,2017,"Horror, Mystery",USA,6.2,5000000,19735344
75502,Believe,2016,Drama,USA,5.1,3500000,890303
75558,Cops and Robbers,2017,"Action, Thriller",USA,3.8,5500000,19224
75673,Pitch Perfect 3,2017,"Comedy, Music",USA,5.8,45000000,185400345
75717,Robo Sway,2016,"Action, Sci-Fi, Thriller",USA,4.2,22400000,10857
75728,LBJ,2016,"Biography, Drama, History",USA,6.5,26000000,2510151
75748,Lights Out - Terrore nel buio,2016,"Drama, Horror, Mystery",USA,6.3,4900000,148868835
75785,Crazy Night - Festa col morto,2017,"Comedy, Crime, Thriller",USA,5.2,20000000,47347283
75787,Il sole a mezzanotte - Midnight Sun,2018,"Drama, Romance",USA,6.6,2800000,27365467
75806,Migliori nemici,2019,"Biography, Drama, History",USA,7.1,10000000,10209813
75854,Mother's Day,2016,"Comedy, Drama, Romance",USA,5.7,25000000,48782670
75855,God's Not Dead 2 - Dio non è morto 2,2016,Drama,USA,4.4,5000000,24487848
75940,Good Time,2017,"Crime, Drama, Thriller",USA,7.4,4500000,3283369
75941,Il diritto di contare,2016,"Biography, Drama, History",USA,7.8,25000000,235956898
75952,Batman: The Killing Joke,2016,"Animation, Action, Crime",USA,6.4,3500000,4462034
75997,The Perfect Match,2016,"Comedy, Romance",USA,4.9,5000000,10414738
76019,Emoji - Accendi le emozioni,2017,"Animation, Adventure, Comedy",USA,3.3,50000000,217776646
76035,Jurassic World - Il regno distrutto,2018,"Action, Adventure, Sci-Fi",USA,6.2,170000000,1331958159
76095,The Resurrection of Gavin Stone,2016,"Comedy, Drama, Family",USA,6.2,2000000,2308355
76127,La Llorona - Le lacrime del male,2019,"Horror, Mystery, Thriller",USA,5.3,9000000,123133739
76133,Il diritto di opporsi,2019,"Biography, Crime, Drama",USA,7.6,25000000,50401502
76167,Lady Bird,2017,"Comedy, Drama",USA,7.4,10000000,79097104
76273,I'm Not Ashamed,2016,"Biography, Drama",USA,5.9,1500000,2082980
76356,Moonlight,2016,Drama,USA,7.4,4000000,65336603
76357,The Kid,2019,"Biography, Drama, Western",USA,5.9,8000000,1553483
76431,Noi siamo tutto,2017,"Drama, Romance",USA,6.4,10000000,61621140
76555,La fuga dell'assassino,2017,"Action, Drama, Mystery",USA,4.2,21000000,43368
76734,Ant-Man and the Wasp,2018,"Action, Adventure, Comedy",USA,7.1,162000000,622674139
76770,Madre!,2017,"Drama, Horror, Mystery",USA,6.6,30000000,44516999
76865,Annabelle 2: Creation,2017,"Horror, Mystery, Thriller",USA,6.5,15000000,306515884
76873,Justice,2017,"Drama, Western",USA,4.0,5000000,3259
76894,Female Fight Club,2016,"Action, Crime, Drama",USA,4.2,2000000,22253
76935,Ocean's 8,2018,"Action, Comedy, Crime",USA,6.2,70000000,297718711
76937,"Tuo, Simon",2018,"Comedy, Drama, Romance",USA,7.6,17000000,66316289
76988,Billionaire Boys Club,2018,"Biography, Drama, Thriller",USA,5.6,15000000,2713955
77081,Operation Finale,2018,"Biography, Drama, History",USA,6.6,24000000,17612099
77082,Kickboxer: Retaliation,2018,"Action, Drama",USA,5.0,13000000,101690
77330,Furlough,2018,"Comedy, Drama",USA,5.5,3000000,8472
77386,Auguri per la tua morte,2017,"Horror, Mystery, Thriller",USA,6.6,4800000,125479266
77422,Slamma Jamma,2017,"Drama, Sport",USA,6.1,1000000,1687000
77521,Sniper: Forze speciali,2016,"Action, Drama, War",USA,3.2,5000000,21701
77614,Detroit,2017,"Crime, Drama, History",USA,7.3,34000000,23355100
77741,The Big Sick - Il matrimonio si può evitare... l'amore no,2017,"Comedy, Drama, Romance",USA,7.5,5000000,56411585
77748,Deadpool 2,2018,"Action, Adventure, Comedy",USA,7.7,110000000,785794179
77803,Hostiles: Ostili,2017,"Drama, Western",USA,7.2,39000000,35669017
77862,Le ragazze di Wall Street,2019,"Comedy, Crime, Drama",USA,6.3,20000000,157563598
77920,Lazarat,2019,"Action, Crime, Thriller",USA,5.0,2000000,2548
77970,Attacco alla verità - Shock and Awe,2017,"Biography, Drama, History",USA,6.2,18000000,182415
78069,Il coraggio della verità - The Hate U Give,2018,"Crime, Drama",USA,7.4,23000000,34934009
78102,The Domestics,2018,"Action, Horror, Sci-Fi",USA,5.7,10600000,59766
78106,L'inganno,2017,"Drama, Thriller",USA,6.3,10500000,27869129
78175,Mid90s,2018,"Comedy, Drama",USA,7.4,1700000,9303022
78194,Life of the Party - Una mamma al college,2018,Comedy,USA,5.6,30000000,65859911
78276,Amiche di sangue,2017,"Comedy, Crime, Drama",USA,6.7,6000000,3187255
78277,Un sogno chiamato Florida,2017,Drama,USA,7.6,2000000,10971298
78288,The Hero,2017,"Drama, Romance, Western",USA,6.5,1200000,4101699
78298,Daddy's Home 2,2017,Comedy,USA,6.0,69000000,180613180
78343,Traffik,2018,"Action, Crime, Drama",USA,6.0,4000000,9515914
78344,Saving Flora,2018,"Adventure, Drama, Family",USA,5.7,2600000,147941
78394,Sorry to Bother You,2018,"Comedy, Fantasy, Sci-Fi",USA,6.9,3200000,18170707
78402,Slender Man,2018,"Horror, Mystery, Thriller",USA,3.2,10000000,51738549
78409,Under the Silver Lake,2018,"Crime, Drama, Mystery",USA,6.5,8500000,2053469
78424,Running for Grace,2018,"Family, Romance",USA,6.1,24000000,89988
78472,A-X-L - Un'amicizia extraordinaria,2018,"Action, Adventure, Family",USA,5.3,10000000,8467697
78506,40 sono i nuovi 20,2017,"Comedy, Drama, Romance",USA,5.8,12000000,37270721
78511,È solo l'inizio,2017,"Comedy, Crime",USA,4.5,22000000,7634022
78525,Diamanti grezzi,2019,"Crime, Drama, Thriller",USA,7.4,19000000,50023780
78541,L'esorcismo di Hannah Grace,2018,"Horror, Mystery, Thriller",USA,5.2,7700000,43016528
78678,The Institute,2017,Thriller,USA,4.1,3000000,31634
78727,Let There Be Light,2017,Drama,USA,4.7,3000000,7241302
78756,The Nun: La vocazione del male,2018,"Horror, Mystery, Thriller",USA,5.3,22000000,365551694
78759,Spie sotto copertura,2019,"Animation, Action, Adventure",USA,6.8,100000000,171616764
78800,La ruota delle meraviglie,2017,Drama,USA,6.2,25000000,15889124
78819,Last Rampage: The Escape of Gary Tison,2017,"Action, Crime, Drama",USA,5.7,18000000,12944
78869,Ralph spacca Internet,2018,"Animation, Adventure, Comedy",USA,7.1,175000000,529323962
78974,The Super,2017,"Horror, Mystery, Thriller",USA,5.9,2300000,19513
79217,Captive State,2019,"Action, Adventure, Drama",USA,6.0,25000000,8808611
79233,Batman: Return of the Caped Crusaders,2016,"Animation, Action, Adventure",USA,6.8,3500000,56711
79331,Diario di una schiappa: Portatemi a casa,2017,"Comedy, Family",USA,4.3,22000000,40140972
79406,C'era una volta Steve McQueen,2019,"Crime, Romance",USA,6.2,7000000,18566
79498,Acrimony,2018,"Drama, Romance, Thriller",USA,5.8,20000000,46403669
79545,I See You,2019,"Crime, Drama, Horror",USA,6.8,3000000,1098207
79643,E poi c'è Katherine,2019,"Comedy, Drama",USA,6.5,4000000,22386555
79659,The Case for Christ,2017,"Biography, Drama",USA,6.3,5000000,18175663
79718,La prima notte del giudizio,2018,"Action, Horror, Sci-Fi",USA,5.2,13000000,137056262
79764,John Wick 3 - Parabellum,2019,"Action, Crime, Thriller",USA,7.5,75000000,326709727
79794,Best F(r)iends: Volume 1,2017,"Comedy, Drama, Thriller",USA,5.4,1500000,290064
79876,Smallfoot: Il mio amico delle nevi,2018,"Animation, Adventure, Comedy",USA,6.6,80000000,214040103
79895,Attacco al potere 3 - Angel Has Fallen,2019,"Action, Thriller",USA,6.4,40000000,146661977
79925,Malicious,2018,"Horror, Thriller",USA,5.0,3500000,1204393
80022,Tyler Perry's Boo 2! A Madea Halloween,2017,"Comedy, Drama, Horror",USA,3.8,25000000,48333932
80091,Cinderella and the Secret Prince,2018,"Animation, Adventure, Family",USA,5.2,20000000,11896343
80115,Office Uprising,2018,"Action, Comedy, Horror",USA,6.0,2500000,165623
80151,Vice - L'uomo nell'ombra,2018,"Biography, Comedy, Drama",USA,7.2,60000000,76073488
80290,George Takei's Allegiance,2016,Musical,USA,8.6,1000000,902012
80305,Spider-Man: Far from Home,2019,"Action, Adventure, Sci-Fi",USA,7.5,160000000,1131927996
80359,Creed II,2018,"Drama, Sport",USA,7.1,50000000,214215889
80364,Disney's Newsies: The Broadway Musical,2017,Musical,USA,8.5,2000000,2827489
80521,Proud Mary,2018,"Action, Crime, Drama",USA,4.9,14000000,21753365
80526,Il sole è anche una stella,2019,"Drama, Music, Romance",USA,5.8,9000000,6750029
80567,Blaze,2018,"Biography, Drama, Music",USA,6.6,1200000,704955
80580,Una canzone per mio padre,2018,"Biography, Drama, Family",USA,7.3,7000000,86086881
80636,A un metro da te,2019,"Drama, Romance",USA,7.2,7000000,91522094
80715,Indivisible,2018,"Drama, War",USA,5.8,2700000,3589633
80742,Jay and Silent Bob Reboot,2019,Comedy,USA,5.7,10000000,4691248
80758,Never Heard,2018,"Drama, Family",USA,5.3,4000000,105271
80767,Haunt,2019,"Horror, Thriller",USA,6.3,5000000,2233978
80804,Batman and Harley Quinn,2017,"Animation, Action, Adventure",USA,5.9,3500000,6448
80839,Phoenix Forgotten,2017,"Horror, Mystery, Sci-Fi",USA,5.3,2800000,3697729
80940,7 sconosciuti a El Royale,2018,"Crime, Drama, Mystery",USA,7.1,32000000,31882724
80951,A Quiet Place - Un posto tranquillo,2018,"Drama, Horror, Sci-Fi",USA,7.5,17000000,340949169
81178,Obbligo o verità,2018,"Horror, Thriller",USA,5.2,3500000,95330493
81195,La scuola serale,2018,Comedy,USA,5.6,29000000,103105878
81227,Ore 15:17 - Attacco al treno,2018,"Biography, Drama, Thriller",USA,5.2,30000000,57076286
81233,Don't Let Go,2019,"Drama, Horror, Mystery",USA,6.2,5000000,5288011
81355,Book Club - Tutto può succedere,2018,"Comedy, Drama, Romance",USA,6.1,10000000,104438188
81641,Curse of the Nun,2019,"Horror, Mystery, Thriller",USA,2.8,18000000,19396
81676,Eighth Grade - Terza media,2018,"Comedy, Drama",USA,7.4,2000000,14347433
81751,A Madea Family Funeral,2019,Comedy,USA,4.4,20000000,74747725
81796,Atto di fede,2019,"Biography, Drama",USA,6.2,14000000,50444358
81882,Se la strada potesse parlare,2018,"Drama, Romance",USA,7.1,12000000,20596567
81917,Destroyer,2018,"Action, Crime, Drama",USA,6.2,9000000,5580940
81949,Unsane,2018,"Drama, Horror, Mystery",USA,6.4,1500000,14293601
82057,Blood Fest,2018,"Comedy, Horror",USA,5.3,1200000,122833
82140,Gangster Land,2017,"Action, Crime, Drama",USA,4.4,5000000,5124
82352,Uncle Drew,2018,"Comedy, Sport",USA,5.7,19000000,46664414
82371,Unbroken - La via della redenzione,2018,"Biography, Drama, History",USA,5.8,6000000,6216897
82382,Good Boys - Quei cattivi ragazzi,2019,"Adventure, Comedy",USA,6.7,20000000,111037232
82391,BlacKkKlansman,2018,"Biography, Crime, Drama",USA,7.5,15000000,93400823
82417,Dog Days,2018,"Comedy, Drama, Romance",USA,6.2,10000000,6842356
82436,El Chicano,2018,"Action, Crime, Drama",USA,5.3,8000000,1404646
82438,Ouija House,2018,"Horror, Thriller",USA,3.0,18000000,65208
82459,"Paolo, apostolo di Cristo",2018,"Adventure, Biography, Drama",USA,6.6,5000000,25915966
82466,La legge dei più forti,2019,"Action, Crime, Drama",USA,6.3,12000000,22741061
82475,Primal,2019,"Action, Thriller",USA,4.9,9000000,84630
82489,Instant Family,2018,"Comedy, Drama",USA,7.3,48000000,120556201
82531,Teen Titans Go! Il film,2018,"Animation, Action, Adventure",USA,6.8,10000000,52090236
82791,Ben Is Back,2018,Drama,USA,6.7,13000000,10134204
82954,What Men Want,2019,"Comedy, Fantasy, Romance",USA,5.2,20000000,72216294
83043,Superfly,2018,"Action, Crime, Thriller",USA,5.1,16000000,20780685
83113,Stuber - Autista d'assalto,2019,"Action, Comedy, Crime",USA,6.2,16000000,32390945
83155,L'angelo del male - Brightburn,2019,"Drama, Horror, Mystery",USA,6.1,6000000,32893421
83221,Hereditary: Le radici del male,2018,"Drama, Horror, Mystery",USA,7.3,10000000,80239658
83528,Jumanji - The Next Level,2019,"Action, Adventure, Comedy",USA,6.7,125000000,796575993
83733,La piccola boss,2019,"Comedy, Fantasy, Romance",USA,5.4,20000000,48987096
83755,Inganni online,2018,"Comedy, Drama, Romance",USA,4.8,19000000,33705333
83814,3 from Hell,2019,Horror,USA,5.5,3000000,2295825
83892,Correre per ricominciare,2019,"Drama, Family, Sport",USA,6.6,5000000,38026103
84118,Annabelle 3,2019,"Horror, Mystery, Thriller",USA,5.9,30000000,231252591
84912,Cena con delitto - Knives Out,2019,"Comedy, Crime, Drama",USA,7.9,40000000,309232797
85028,Unplanned,2019,"Biography, Drama",USA,5.8,6000000,21171090
85176,Non si scherza col fuoco,2019,"Comedy, Family",USA,5.0,29900000,68631669
